t_monotonic_ns,sample_idx,phase,participant_id,session_id,task,run,fsr0,fsr1,fsr2,fsr3,cue_event,led_fsr,quality_flag,t_monotonic_ns_targets,target_thumb_cmc_flex,target_thumb_mcp_flex,target_thumb_ip_flex,target_index_mcp_flex,target_index_pip_flex,target_index_dip_flex,target_middle_mcp_flex,target_middle_pip_flex,target_middle_dip_flex,target_ring_mcp_flex,target_ring_pip_flex,target_ring_dip_flex,target_pinky_mcp_flex,target_pinky_pip_flex,target_pinky_dip_flex,quality_flag_targets
221939468000000,1298,RECORD,P01,S01,mvc,0,369,525,239,366,RECORD_START,1,0,221939468000000,29.72,18.83,7.25,25.86,6.37,4.2,16.75,6.01,0.99,21.27,3.96,2.22,28.99,4.54,3.63,0
221939484000000,1299,RECORD,P01,S01,mvc,0,368,522,239,366,,1,0,221939484000000,29.72,18.83,7.25,25.86,6.37,4.2,16.75,6.01,0.99,21.27,3.96,2.22,28.99,4.54,3.63,0
221939500000000,1300,RECORD,P01,S01,mvc,0,368,520,238,368,,1,0,221939500000000,29.72,18.83,7.25,25.86,6.37,4.2,16.75,6.01,0.99,21.27,3.96,2.22,28.99,4.54,3.63,0
221939500000000,1301,RECORD,P01,S01,mvc,0,368,521,238,368,,1,0,221939500000000,29.72,18.83,7.25,25.86,6.37,4.2,16.75,6.01,0.99,21.27,3.96,2.22,28.99,4.54,3.63,0
221939515000000,1302,RECORD,P01,S01,mvc,0,368,521,238,370,,1,0,221939515000000,30.54,17.81,8.17,27.09,6.63,4.35,18.13,6.62,1.54,22.85,4.66,2.55,30.14,5.02,3.79,0
221939531000000,1303,RECORD,P01,S01,mvc,0,367,523,238,371,,1,0,221939531000000,30.54,17.81,8.17,27.09,6.63,4.35,18.13,6.62,1.54,22.85,4.66,2.55,30.14,5.02,3.79,0
221939531000000,1304,RECORD,P01,S01,mvc,0,368,525,238,372,,1,0,221939531000000,30.54,17.81,8.17,27.09,6.63,4.35,18.13,6.62,1.54,22.85,4.66,2.55,30.14,5.02,3.79,0
221939546000000,1305,RECORD,P01,S01,mvc,0,367,527,239,372,,1,0,221939546000000,30.54,17.81,8.17,27.09,6.63,4.35,18.13,6.62,1.54,22.85,4.66,2.55,30.14,5.02,3.79,0
221939546000000,1306,RECORD,P01,S01,mvc,0,370,530,240,376,,0,0,221939546000000,30.54,17.81,8.17,27.09,6.63,4.35,18.13,6.62,1.54,22.85,4.66,2.55,30.14,5.02,3.79,0
221939562000000,1307,RECORD,P01,S01,mvc,0,371,531,240,376,,0,0,221939562000000,29.27,18.71,7.84,25.99,6.22,4.13,17.08,6.09,0.95,21.64,4.05,2.31,29.24,4.67,3.63,0
221939578000000,1308,RECORD,P01,S01,mvc,0,371,531,240,378,,0,0,221939578000000,29.27,18.71,7.84,25.99,6.22,4.13,17.08,6.09,0.95,21.64,4.05,2.31,29.24,4.67,3.63,0
221939578000000,1309,RECORD,P01,S01,mvc,0,371,531,240,378,,0,0,221939578000000,29.27,18.71,7.84,25.99,6.22,4.13,17.08,6.09,0.95,21.64,4.05,2.31,29.24,4.67,3.63,0
221939593000000,1310,RECORD,P01,S01,mvc,0,371,531,240,379,,0,0,221939593000000,29.27,18.71,7.84,25.99,6.22,4.13,17.08,6.09,0.95,21.64,4.05,2.31,29.24,4.67,3.63,0
221939609000000,1311,RECORD,P01,S01,mvc,0,371,531,241,379,,0,0,221939609000000,29.27,18.71,7.84,25.99,6.22,4.13,17.08,6.09,0.95,21.64,4.05,2.31,29.24,4.67,3.63,0
221939609000000,1312,RECORD,P01,S01,mvc,0,371,531,240,380,,0,0,221939609000000,29.27,18.71,7.84,25.99,6.22,4.13,17.08,6.09,0.95,21.64,4.05,2.31,29.24,4.67,3.63,0
221939625000000,1313,RECORD,P01,S01,mvc,0,371,531,240,381,,0,0,221939625000000,29.27,18.71,7.84,25.99,6.22,4.13,17.08,6.09,0.95,21.64,4.05,2.31,29.24,4.67,3.63,0
221939640000000,1314,RECORD,P01,S01,mvc,0,370,531,241,380,,0,0,221939640000000,29.27,18.71,7.84,25.99,6.22,4.13,17.08,6.09,0.95,21.64,4.05,2.31,29.24,4.67,3.63,0
221939640000000,1315,RECORD,P01,S01,mvc,0,371,531,241,380,,0,0,221939640000000,29.27,18.71,7.84,25.99,6.22,4.13,17.08,6.09,0.95,21.64,4.05,2.31,29.24,4.67,3.63,0
221939656000000,1316,RECORD,P01,S01,mvc,0,370,530,240,379,,1,0,221939656000000,30.21,17.5,6.28,26.89,6.59,4.35,18.23,6.6,1.35,23.18,4.72,2.37,30.37,5.04,3.74,0
221939671000000,1317,RECORD,P01,S01,mvc,0,370,533,240,378,,1,0,221939671000000,30.21,17.5,6.28,26.89,6.59,4.35,18.23,6.6,1.35,23.18,4.72,2.37,30.37,5.04,3.74,0
221939671000000,1318,RECORD,P01,S01,mvc,0,370,534,240,379,,1,0,221939671000000,30.21,17.5,6.28,26.89,6.59,4.35,18.23,6.6,1.35,23.18,4.72,2.37,30.37,5.04,3.74,0
221939687000000,1319,RECORD,P01,S01,mvc,0,370,534,239,380,,1,0,221939687000000,30.21,17.5,6.28,26.89,6.59,4.35,18.23,6.6,1.35,23.18,4.72,2.37,30.37,5.04,3.74,0
221939687000000,1320,RECORD,P01,S01,mvc,0,370,535,240,380,,1,0,221939687000000,30.21,17.5,6.28,26.89,6.59,4.35,18.23,6.6,1.35,23.18,4.72,2.37,30.37,5.04,3.74,0
221939703000000,1321,RECORD,P01,S01,mvc,0,370,535,239,380,,1,0,221939703000000,29.52,19.03,6.69,26.23,6.26,4.1,16.99,6.09,1.01,21.39,4.03,2.39,29.05,4.66,3.77,0
221939718000000,1322,RECORD,P01,S01,mvc,0,370,535,239,381,,1,0,221939718000000,29.52,19.03,6.69,26.23,6.26,4.1,16.99,6.09,1.01,21.39,4.03,2.39,29.05,4.66,3.77,0
221939718000000,1323,RECORD,P01,S01,mvc,0,371,536,240,381,,1,0,221939718000000,29.52,19.03,6.69,26.23,6.26,4.1,16.99,6.09,1.01,21.39,4.03,2.39,29.05,4.66,3.77,0
221939734000000,1324,RECORD,P01,S01,mvc,0,370,535,239,380,,1,0,221939734000000,29.52,19.03,6.69,26.23,6.26,4.1,16.99,6.09,1.01,21.39,4.03,2.39,29.05,4.66,3.77,0
221939750000000,1325,RECORD,P01,S01,mvc,0,371,537,240,380,,1,0,221939750000000,29.96,16.96,6.33,26.58,6.36,4.34,17.73,6.35,1.63,22.79,4.61,2.66,30.21,5.07,3.87,0
221939750000000,1326,RECORD,P01,S01,mvc,0,372,539,241,381,,0,0,221939750000000,29.96,16.96,6.33,26.58,6.36,4.34,17.73,6.35,1.63,22.79,4.61,2.66,30.21,5.07,3.87,0
221939765000000,1327,RECORD,P01,S01,mvc,0,372,538,241,381,,0,0,221939765000000,29.96,16.96,6.33,26.58,6.36,4.34,17.73,6.35,1.63,22.79,4.61,2.66,30.21,5.07,3.87,0
221939781000000,1328,RECORD,P01,S01,mvc,0,372,539,241,380,,0,0,221939781000000,29.96,16.96,6.33,26.58,6.36,4.34,17.73,6.35,1.63,22.79,4.61,2.66,30.21,5.07,3.87,0
221939781000000,1329,RECORD,P01,S01,mvc,0,371,539,241,380,,0,0,221939781000000,29.96,16.96,6.33,26.58,6.36,4.34,17.73,6.35,1.63,22.79,4.61,2.66,30.21,5.07,3.87,0
221939796000000,1330,RECORD,P01,S01,mvc,0,372,539,241,379,,0,0,221939796000000,29.33,19.12,8.05,26.19,6.34,4.2,17.12,6.24,1.15,21.73,4.25,2.38,29.4,4.91,3.85,0
221939796000000,1331,RECORD,P01,S01,mvc,0,371,538,241,379,,0,0,221939796000000,29.33,19.12,8.05,26.19,6.34,4.2,17.12,6.24,1.15,21.73,4.25,2.38,29.4,4.91,3.85,0
221939812000000,1332,RECORD,P01,S01,mvc,0,370,537,241,378,,0,0,221939812000000,29.33,19.12,8.05,26.19,6.34,4.2,17.12,6.24,1.15,21.73,4.25,2.38,29.4,4.91,3.85,0
221939828000000,1333,RECORD,P01,S01,mvc,0,368,538,241,379,,0,0,221939828000000,29.33,19.12,8.05,26.19,6.34,4.2,17.12,6.24,1.15,21.73,4.25,2.38,29.4,4.91,3.85,0
221939828000000,1334,RECORD,P01,S01,mvc,0,369,538,241,377,,0,0,221939828000000,29.33,19.12,8.05,26.19,6.34,4.2,17.12,6.24,1.15,21.73,4.25,2.38,29.4,4.91,3.85,0
221939843000000,1335,RECORD,P01,S01,mvc,0,369,538,241,378,,0,0,221939843000000,30.61,18.14,7.63,27.1,6.79,4.36,18.27,6.9,1.67,23.08,4.91,2.6,30.31,5.12,3.74,0
221939859000000,1336,RECORD,P01,S01,mvc,0,369,535,240,376,,1,0,221939859000000,30.61,18.14,7.63,27.1,6.79,4.36,18.27,6.9,1.67,23.08,4.91,2.6,30.31,5.12,3.74,0
221939859000000,1337,RECORD,P01,S01,mvc,0,368,536,240,376,,1,0,221939859000000,30.61,18.14,7.63,27.1,6.79,4.36,18.27,6.9,1.67,23.08,4.91,2.6,30.31,5.12,3.74,0
221939875000000,1338,RECORD,P01,S01,mvc,0,368,535,240,376,,1,0,221939875000000,30.61,18.14,7.63,27.1,6.79,4.36,18.27,6.9,1.67,23.08,4.91,2.6,30.31,5.12,3.74,0
221939890000000,1339,RECORD,P01,S01,mvc,0,369,535,239,376,,1,0,221939890000000,30.61,18.14,7.63,27.1,6.79,4.36,18.27,6.9,1.67,23.08,4.91,2.6,30.31,5.12,3.74,0
221939890000000,1340,RECORD,P01,S01,mvc,0,369,536,240,378,,1,0,221939890000000,30.61,18.14,7.63,27.1,6.79,4.36,18.27,6.9,1.67,23.08,4.91,2.6,30.31,5.12,3.74,0
221939906000000,1341,RECORD,P01,S01,mvc,0,367,536,240,378,,1,0,221939906000000,30.61,18.14,7.63,27.1,6.79,4.36,18.27,6.9,1.67,23.08,4.91,2.6,30.31,5.12,3.74,0
221939921000000,1342,RECORD,P01,S01,mvc,0,369,536,240,378,,1,0,221939921000000,30.61,18.14,7.63,27.1,6.79,4.36,18.27,6.9,1.67,23.08,4.91,2.6,30.31,5.12,3.74,0
221939921000000,1343,RECORD,P01,S01,mvc,0,370,537,240,379,,1,0,221939921000000,30.61,18.14,7.63,27.1,6.79,4.36,18.27,6.9,1.67,23.08,4.91,2.6,30.31,5.12,3.74,0
221939937000000,1344,RECORD,P01,S01,mvc,0,370,538,240,380,,1,0,221939937000000,28.97,18.92,8.2,25.72,6.12,4.2,16.78,5.96,0.91,21.59,4.13,2.26,29.22,4.8,3.76,0
221939937000000,1345,RECORD,P01,S01,mvc,0,375,554,241,381,,1,0,221939937000000,28.97,18.92,8.2,25.72,6.12,4.2,16.78,5.96,0.91,21.59,4.13,2.26,29.22,4.8,3.76,0
221939953000000,1346,RECORD,P01,S01,mvc,0,388,571,243,383,,0,0,221939953000000,28.97,18.92,8.2,25.72,6.12,4.2,16.78,5.96,0.91,21.59,4.13,2.26,29.22,4.8,3.76,0
221939968000000,1347,RECORD,P01,S01,mvc,0,400,575,244,383,,0,0,221939968000000,28.97,18.92,8.2,25.72,6.12,4.2,16.78,5.96,0.91,21.59,4.13,2.26,29.22,4.8,3.76,0
221939968000000,1348,RECORD,P01,S01,mvc,0,415,581,246,384,,0,0,221939968000000,28.97,18.92,8.2,25.72,6.12,4.2,16.78,5.96,0.91,21.59,4.13,2.26,29.22,4.8,3.76,0
221939984000000,1349,RECORD,P01,S01,mvc,0,417,581,247,384,,0,0,221939984000000,29.64,17.72,6.61,26.25,6.02,4.09,16.88,5.77,1.26,21.76,3.97,2.52,29.52,4.66,4.13,0
221940000000000,1350,RECORD,P01,S01,mvc,0,421,582,248,385,,0,0,221940000000000,29.64,17.72,6.61,26.25,6.02,4.09,16.88,5.77,1.26,21.76,3.97,2.52,29.52,4.66,4.13,0
221940000000000,1351,RECORD,P01,S01,mvc,0,422,583,248,386,,0,0,221940000000000,29.64,17.72,6.61,26.25,6.02,4.09,16.88,5.77,1.26,21.76,3.97,2.52,29.52,4.66,4.13,0
221940015000000,1352,RECORD,P01,S01,mvc,0,422,583,248,386,,0,0,221940015000000,29.64,17.72,6.61,26.25,6.02,4.09,16.88,5.77,1.26,21.76,3.97,2.52,29.52,4.66,4.13,0
221940015000000,1353,RECORD,P01,S01,mvc,0,423,585,248,386,,0,0,221940015000000,29.64,17.72,6.61,26.25,6.02,4.09,16.88,5.77,1.26,21.76,3.97,2.52,29.52,4.66,4.13,0
221940031000000,1354,RECORD,P01,S01,mvc,0,422,585,249,386,,0,0,221940031000000,29.39,18.72,6.85,25.97,6.11,4.08,16.86,5.97,1.07,21.59,4.07,2.21,29.28,4.65,3.93,0
221940046000000,1355,RECORD,P01,S01,mvc,0,440,585,248,386,,0,0,221940046000000,29.39,18.72,6.85,25.97,6.11,4.08,16.86,5.97,1.07,21.59,4.07,2.21,29.28,4.65,3.93,0
221940046000000,1356,RECORD,P01,S01,mvc,0,443,584,248,384,,1,0,221940046000000,29.39,18.72,6.85,25.97,6.11,4.08,16.86,5.97,1.07,21.59,4.07,2.21,29.28,4.65,3.93,0
221940062000000,1357,RECORD,P01,S01,mvc,0,447,588,248,385,,1,0,221940062000000,29.39,18.72,6.85,25.97,6.11,4.08,16.86,5.97,1.07,21.59,4.07,2.21,29.28,4.65,3.93,0
221940078000000,1358,RECORD,P01,S01,mvc,0,459,588,248,391,,1,0,221940078000000,29.67,18.05,6.74,26.27,6.18,4.28,17.26,6.0,1.4,22.24,4.27,2.71,29.75,4.9,4.29,0
221940078000000,1359,RECORD,P01,S01,mvc,0,462,587,248,391,,1,0,221940078000000,29.67,18.05,6.74,26.27,6.18,4.28,17.26,6.0,1.4,22.24,4.27,2.71,29.75,4.9,4.29,0
221940093000000,1360,RECORD,P01,S01,mvc,0,471,586,249,391,,1,0,221940093000000,29.67,18.05,6.74,26.27,6.18,4.28,17.26,6.0,1.4,22.24,4.27,2.71,29.75,4.9,4.29,0
221940109000000,1361,RECORD,P01,S01,mvc,0,473,590,248,390,,1,0,221940109000000,29.67,18.05,6.74,26.27,6.18,4.28,17.26,6.0,1.4,22.24,4.27,2.71,29.75,4.9,4.29,0
221940109000000,1362,RECORD,P01,S01,mvc,0,482,591,248,392,,1,0,221940109000000,29.67,18.05,6.74,26.27,6.18,4.28,17.26,6.0,1.4,22.24,4.27,2.71,29.75,4.9,4.29,0
221940125000000,1363,RECORD,P01,S01,mvc,0,491,593,248,392,,1,0,221940125000000,29.47,18.96,8.06,26.0,5.99,4.05,16.82,5.82,1.09,21.47,3.92,2.41,29.09,4.64,4.24,0
221940140000000,1364,RECORD,P01,S01,mvc,0,507,592,256,400,,1,0,221940140000000,29.47,18.96,8.06,26.0,5.99,4.05,16.82,5.82,1.09,21.47,3.92,2.41,29.09,4.64,4.24,0
221940140000000,1365,RECORD,P01,S01,mvc,0,518,592,258,406,,1,0,221940140000000,29.47,18.96,8.06,26.0,5.99,4.05,16.82,5.82,1.09,21.47,3.92,2.41,29.09,4.64,4.24,0
221940156000000,1366,RECORD,P01,S01,mvc,0,532,591,259,405,,1,0,221940156000000,29.47,18.96,8.06,26.0,5.99,4.05,16.82,5.82,1.09,21.47,3.92,2.41,29.09,4.64,4.24,0
221940171000000,1367,RECORD,P01,S01,mvc,0,534,590,261,405,,1,0,221940171000000,30.17,18.12,6.3,26.12,6.29,4.42,17.16,6.1,1.33,22.09,4.29,2.67,29.68,4.85,4.2,0
221940171000000,1368,RECORD,P01,S01,mvc,0,535,589,261,405,,1,0,221940171000000,30.17,18.12,6.3,26.12,6.29,4.42,17.16,6.1,1.33,22.09,4.29,2.67,29.68,4.85,4.2,0
221940187000000,1369,RECORD,P01,S01,mvc,0,537,589,261,406,,1,0,221940187000000,30.17,18.12,6.3,26.12,6.29,4.42,17.16,6.1,1.33,22.09,4.29,2.67,29.68,4.85,4.2,0
221940187000000,1370,RECORD,P01,S01,mvc,0,541,593,264,409,,1,0,221940187000000,30.17,18.12,6.3,26.12,6.29,4.42,17.16,6.1,1.33,22.09,4.29,2.67,29.68,4.85,4.2,0
221940203000000,1371,RECORD,P01,S01,mvc,0,557,595,271,419,,1,0,221940203000000,30.17,18.12,6.3,26.12,6.29,4.42,17.16,6.1,1.33,22.09,4.29,2.67,29.68,4.85,4.2,0
221940218000000,1372,RECORD,P01,S01,mvc,0,571,597,270,423,,1,0,221940218000000,29.64,18.76,6.78,25.98,6.24,4.1,16.75,5.79,0.9,21.46,3.65,2.13,29.14,4.34,3.83,0
221940218000000,1373,RECORD,P01,S01,mvc,0,575,597,273,423,,1,0,221940218000000,29.64,18.76,6.78,25.98,6.24,4.1,16.75,5.79,0.9,21.46,3.65,2.13,29.14,4.34,3.83,0
221940234000000,1374,RECORD,P01,S01,mvc,0,580,597,275,424,,1,0,221940234000000,29.64,18.76,6.78,25.98,6.24,4.1,16.75,5.79,0.9,21.46,3.65,2.13,29.14,4.34,3.83,0
221940250000000,1375,RECORD,P01,S01,mvc,0,590,598,293,426,,1,0,221940250000000,29.64,18.76,6.78,25.98,6.24,4.1,16.75,5.79,0.9,21.46,3.65,2.13,29.14,4.34,3.83,0
221940250000000,1376,RECORD,P01,S01,mvc,0,597,601,297,428,,0,0,221940250000000,29.64,18.76,6.78,25.98,6.24,4.1,16.75,5.79,0.9,21.46,3.65,2.13,29.14,4.34,3.83,0
221940265000000,1377,RECORD,P01,S01,mvc,0,599,602,297,426,,0,0,221940265000000,29.97,18.47,7.87,26.49,6.61,4.4,17.77,6.4,1.39,22.56,4.48,2.69,29.69,4.99,4.28,0
221940265000000,1378,RECORD,P01,S01,mvc,0,603,609,312,432,,0,0,221940265000000,29.97,18.47,7.87,26.49,6.61,4.4,17.77,6.4,1.39,22.56,4.48,2.69,29.69,4.99,4.28,0
221940281000000,1379,RECORD,P01,S01,mvc,0,608,618,315,433,,0,0,221940281000000,29.97,18.47,7.87,26.49,6.61,4.4,17.77,6.4,1.39,22.56,4.48,2.69,29.69,4.99,4.28,0
221940296000000,1380,RECORD,P01,S01,mvc,0,618,619,317,431,,0,0,221940296000000,29.97,18.47,7.87,26.49,6.61,4.4,17.77,6.4,1.39,22.56,4.48,2.69,29.69,4.99,4.28,0
221940296000000,1381,RECORD,P01,S01,mvc,0,628,619,318,436,,0,0,221940296000000,29.97,18.47,7.87,26.49,6.61,4.4,17.77,6.4,1.39,22.56,4.48,2.69,29.69,4.99,4.28,0
221940312000000,1382,RECORD,P01,S01,mvc,0,646,621,330,425,,0,0,221940312000000,29.97,18.47,7.87,26.49,6.61,4.4,17.77,6.4,1.39,22.56,4.48,2.69,29.69,4.99,4.28,0
221940328000000,1383,RECORD,P01,S01,mvc,0,665,622,346,425,,0,0,221940328000000,29.97,18.47,7.87,26.49,6.61,4.4,17.77,6.4,1.39,22.56,4.48,2.69,29.69,4.99,4.28,0
221940328000000,1384,RECORD,P01,S01,mvc,0,669,627,344,434,,0,0,221940328000000,29.97,18.47,7.87,26.49,6.61,4.4,17.77,6.4,1.39,22.56,4.48,2.69,29.69,4.99,4.28,0
221940343000000,1385,RECORD,P01,S01,mvc,0,676,629,358,436,,0,0,221940343000000,29.97,18.47,7.87,26.49,6.61,4.4,17.77,6.4,1.39,22.56,4.48,2.69,29.69,4.99,4.28,0
221940359000000,1386,RECORD,P01,S01,mvc,0,677,625,360,439,,0,0,221940359000000,29.69,18.54,6.06,26.46,6.24,4.08,17.32,5.94,0.91,21.98,3.78,2.14,29.36,4.48,3.63,0
221940359000000,1387,RECORD,P01,S01,mvc,0,681,624,365,442,,0,0,221940359000000,29.69,18.54,6.06,26.46,6.24,4.08,17.32,5.94,0.91,21.98,3.78,2.14,29.36,4.48,3.63,0
221940375000000,1388,RECORD,P01,S01,mvc,0,682,634,364,438,,0,0,221940375000000,29.69,18.54,6.06,26.46,6.24,4.08,17.32,5.94,0.91,21.98,3.78,2.14,29.36,4.48,3.63,0
221940390000000,1389,RECORD,P01,S01,mvc,0,688,637,373,435,,0,0,221940390000000,29.69,18.54,6.06,26.46,6.24,4.08,17.32,5.94,0.91,21.98,3.78,2.14,29.36,4.48,3.63,0
221940390000000,1390,RECORD,P01,S01,mvc,0,693,637,376,463,,0,0,221940390000000,29.69,18.54,6.06,26.46,6.24,4.08,17.32,5.94,0.91,21.98,3.78,2.14,29.36,4.48,3.63,0
221940406000000,1391,RECORD,P01,S01,mvc,0,696,639,376,480,,0,0,221940406000000,29.08,17.51,6.09,26.39,6.17,4.18,17.7,6.3,1.43,22.56,4.52,2.99,29.72,5.02,4.46,0
221940421000000,1392,RECORD,P01,S01,mvc,0,698,640,382,492,,0,0,221940421000000,29.08,17.51,6.09,26.39,6.17,4.18,17.7,6.3,1.43,22.56,4.52,2.99,29.72,5.02,4.46,0
221940421000000,1393,RECORD,P01,S01,mvc,0,700,646,387,495,,0,0,221940421000000,29.08,17.51,6.09,26.39,6.17,4.18,17.7,6.3,1.43,22.56,4.52,2.99,29.72,5.02,4.46,0
221940437000000,1394,RECORD,P01,S01,mvc,0,702,648,386,533,,0,0,221940437000000,29.08,17.51,6.09,26.39,6.17,4.18,17.7,6.3,1.43,22.56,4.52,2.99,29.72,5.02,4.46,0
221940437000000,1395,RECORD,P01,S01,mvc,0,704,651,387,549,,0,0,221940437000000,29.08,17.51,6.09,26.39,6.17,4.18,17.7,6.3,1.43,22.56,4.52,2.99,29.72,5.02,4.46,0
221940453000000,1396,RECORD,P01,S01,mvc,0,702,651,394,551,,1,0,221940453000000,29.23,18.75,7.73,26.31,5.69,3.95,17.44,5.93,0.88,21.99,3.99,2.64,29.34,4.77,4.34,0
221940468000000,1397,RECORD,P01,S01,mvc,0,703,657,400,557,,1,0,221940468000000,29.23,18.75,7.73,26.31,5.69,3.95,17.44,5.93,0.88,21.99,3.99,2.64,29.34,4.77,4.34,0
221940468000000,1398,RECORD,P01,S01,mvc,0,705,662,402,557,,1,0,221940468000000,29.23,18.75,7.73,26.31,5.69,3.95,17.44,5.93,0.88,21.99,3.99,2.64,29.34,4.77,4.34,0
221940484000000,1399,RECORD,P01,S01,mvc,0,712,665,407,566,,1,0,221940484000000,29.23,18.75,7.73,26.31,5.69,3.95,17.44,5.93,0.88,21.99,3.99,2.64,29.34,4.77,4.34,0
221940500000000,1400,RECORD,P01,S01,mvc,0,726,667,419,578,,1,0,221940500000000,29.23,18.75,7.73,26.31,5.69,3.95,17.44,5.93,0.88,21.99,3.99,2.64,29.34,4.77,4.34,0
221940500000000,1401,RECORD,P01,S01,mvc,0,738,668,428,584,,1,0,221940500000000,29.23,18.75,7.73,26.31,5.69,3.95,17.44,5.93,0.88,21.99,3.99,2.64,29.34,4.77,4.34,0
221940515000000,1402,RECORD,P01,S01,mvc,0,753,671,456,594,,1,0,221940515000000,29.23,18.75,7.73,26.31,5.69,3.95,17.44,5.93,0.88,21.99,3.99,2.64,29.34,4.77,4.34,0
221940515000000,1403,RECORD,P01,S01,mvc,0,770,672,461,597,,1,0,221940515000000,29.23,18.75,7.73,26.31,5.69,3.95,17.44,5.93,0.88,21.99,3.99,2.64,29.34,4.77,4.34,0
221940531000000,1404,RECORD,P01,S01,mvc,0,782,673,479,600,,1,0,221940531000000,29.23,18.75,7.73,26.31,5.69,3.95,17.44,5.93,0.88,21.99,3.99,2.64,29.34,4.77,4.34,0
221940546000000,1405,RECORD,P01,S01,mvc,0,788,673,506,621,,1,0,221940546000000,29.76,19.98,7.07,27.99,6.23,3.91,18.66,6.38,0.94,23.31,4.47,3.66,30.15,4.95,5.16,0
221940562000000,1406,RECORD,P01,S01,mvc,0,793,684,514,625,,1,0,221940562000000,29.76,19.98,7.07,27.99,6.23,3.91,18.66,6.38,0.94,23.31,4.47,3.66,30.15,4.95,5.16,0
221940562000000,1407,RECORD,P01,S01,mvc,0,798,690,540,623,,1,0,221940562000000,29.76,19.98,7.07,27.99,6.23,3.91,18.66,6.38,0.94,23.31,4.47,3.66,30.15,4.95,5.16,0
221940578000000,1408,RECORD,P01,S01,mvc,0,804,695,566,626,,1,0,221940578000000,29.76,19.98,7.07,27.99,6.23,3.91,18.66,6.38,0.94,23.31,4.47,3.66,30.15,4.95,5.16,0
221940578000000,1409,RECORD,P01,S01,mvc,0,811,700,575,631,,1,0,221940578000000,29.76,19.98,7.07,27.99,6.23,3.91,18.66,6.38,0.94,23.31,4.47,3.66,30.15,4.95,5.16,0
221940593000000,1410,RECORD,P01,S01,mvc,0,817,706,586,638,,1,0,221940593000000,29.59,20.02,9.5,28.03,5.96,3.92,19.04,6.28,1.05,23.33,4.54,4.04,30.4,5.01,5.28,0
221940609000000,1411,RECORD,P01,S01,mvc,0,826,711,595,655,,1,0,221940609000000,29.59,20.02,9.5,28.03,5.96,3.92,19.04,6.28,1.05,23.33,4.54,4.04,30.4,5.01,5.28,0
221940609000000,1412,RECORD,P01,S01,mvc,0,832,718,598,660,,1,0,221940609000000,29.59,20.02,9.5,28.03,5.96,3.92,19.04,6.28,1.05,23.33,4.54,4.04,30.4,5.01,5.28,0
221940625000000,1413,RECORD,P01,S01,mvc,0,843,723,602,676,,1,0,221940625000000,29.59,20.02,9.5,28.03,5.96,3.92,19.04,6.28,1.05,23.33,4.54,4.04,30.4,5.01,5.28,0
221940640000000,1414,RECORD,P01,S01,mvc,0,846,727,608,697,,1,0,221940640000000,29.59,20.02,9.5,28.03,5.96,3.92,19.04,6.28,1.05,23.33,4.54,4.04,30.4,5.01,5.28,0
221940640000000,1415,RECORD,P01,S01,mvc,0,851,733,617,707,,1,0,221940640000000,29.59,20.02,9.5,28.03,5.96,3.92,19.04,6.28,1.05,23.33,4.54,4.04,30.4,5.01,5.28,0
221940656000000,1416,RECORD,P01,S01,mvc,0,855,737,634,718,,0,0,221940656000000,29.59,20.02,9.5,28.03,5.96,3.92,19.04,6.28,1.05,23.33,4.54,4.04,30.4,5.01,5.28,0
221940656000000,1417,RECORD,P01,S01,mvc,0,863,740,643,727,,0,0,221940656000000,29.59,20.02,9.5,28.03,5.96,3.92,19.04,6.28,1.05,23.33,4.54,4.04,30.4,5.01,5.28,0
221940671000000,1418,RECORD,P01,S01,mvc,0,867,747,661,740,,0,0,221940671000000,29.59,20.02,9.5,28.03,5.96,3.92,19.04,6.28,1.05,23.33,4.54,4.04,30.4,5.01,5.28,0
221940687000000,1419,RECORD,P01,S01,mvc,0,872,750,684,745,,0,0,221940687000000,29.45,23.31,12.91,39.41,17.84,48.44,29.43,25.76,61.06,32.43,29.61,41.58,36.94,22.2,29.2,0
221940687000000,1420,RECORD,P01,S01,mvc,0,878,752,700,742,,0,0,221940687000000,29.45,23.31,12.91,39.41,17.84,48.44,29.43,25.76,61.06,32.43,29.61,41.58,36.94,22.2,29.2,0
221940703000000,1421,RECORD,P01,S01,mvc,0,880,759,708,747,,0,0,221940703000000,29.45,23.31,12.91,39.41,17.84,48.44,29.43,25.76,61.06,32.43,29.61,41.58,36.94,22.2,29.2,0
221940718000000,1422,RECORD,P01,S01,mvc,0,883,770,720,755,,0,0,221940718000000,29.45,23.31,12.91,39.41,17.84,48.44,29.43,25.76,61.06,32.43,29.61,41.58,36.94,22.2,29.2,0
221940718000000,1423,RECORD,P01,S01,mvc,0,887,777,727,759,,0,0,221940718000000,29.45,23.31,12.91,39.41,17.84,48.44,29.43,25.76,61.06,32.43,29.61,41.58,36.94,22.2,29.2,0
221940734000000,1424,RECORD,P01,S01,mvc,0,897,778,740,761,,0,0,221940734000000,31.96,23.61,14.99,40.46,18.74,39.73,30.93,26.39,47.38,33.0,30.1,41.15,37.19,22.96,30.94,0
221940750000000,1425,RECORD,P01,S01,mvc,0,902,782,745,763,,0,0,221940750000000,31.96,23.61,14.99,40.46,18.74,39.73,30.93,26.39,47.38,33.0,30.1,41.15,37.19,22.96,30.94,0
221940750000000,1426,RECORD,P01,S01,mvc,0,904,780,752,766,,1,0,221940750000000,31.96,23.61,14.99,40.46,18.74,39.73,30.93,26.39,47.38,33.0,30.1,41.15,37.19,22.96,30.94,0
221940765000000,1427,RECORD,P01,S01,mvc,0,908,785,755,774,,1,0,221940765000000,31.96,23.61,14.99,40.46,18.74,39.73,30.93,26.39,47.38,33.0,30.1,41.15,37.19,22.96,30.94,0
221940781000000,1428,RECORD,P01,S01,mvc,0,916,786,763,776,,1,0,221940781000000,32.04,24.54,18.15,43.16,25.43,60.54,33.53,37.96,79.74,34.9,41.13,60.53,38.03,30.47,49.34,0
221940781000000,1429,RECORD,P01,S01,mvc,0,922,785,767,782,,1,0,221940781000000,32.04,24.54,18.15,43.16,25.43,60.54,33.53,37.96,79.74,34.9,41.13,60.53,38.03,30.47,49.34,0
221940796000000,1430,RECORD,P01,S01,mvc,0,925,785,775,787,,1,0,221940796000000,32.04,24.54,18.15,43.16,25.43,60.54,33.53,37.96,79.74,34.9,41.13,60.53,38.03,30.47,49.34,0
221940796000000,1431,RECORD,P01,S01,mvc,0,932,790,779,792,,1,0,221940796000000,32.04,24.54,18.15,43.16,25.43,60.54,33.53,37.96,79.74,34.9,41.13,60.53,38.03,30.47,49.34,0
221940812000000,1432,RECORD,P01,S01,mvc,0,934,789,784,799,,1,0,221940812000000,32.04,24.54,18.15,43.16,25.43,60.54,33.53,37.96,79.74,34.9,41.13,60.53,38.03,30.47,49.34,0
221940828000000,1433,RECORD,P01,S01,mvc,0,939,798,788,801,,1,0,221940828000000,32.56,24.86,20.85,43.01,25.76,72.86,33.52,37.11,81.81,34.45,40.98,63.64,37.89,31.22,54.74,0
221940828000000,1434,RECORD,P01,S01,mvc,0,942,801,792,800,,1,0,221940828000000,32.56,24.86,20.85,43.01,25.76,72.86,33.52,37.11,81.81,34.45,40.98,63.64,37.89,31.22,54.74,0
221940843000000,1435,RECORD,P01,S01,mvc,0,951,800,794,806,,1,0,221940843000000,32.56,24.86,20.85,43.01,25.76,72.86,33.52,37.11,81.81,34.45,40.98,63.64,37.89,31.22,54.74,0
221940859000000,1436,RECORD,P01,S01,mvc,0,957,797,796,805,,1,0,221940859000000,32.56,24.86,20.85,43.01,25.76,72.86,33.52,37.11,81.81,34.45,40.98,63.64,37.89,31.22,54.74,0
221940859000000,1437,RECORD,P01,S01,mvc,0,963,793,798,802,,1,0,221940859000000,32.56,24.86,20.85,43.01,25.76,72.86,33.52,37.11,81.81,34.45,40.98,63.64,37.89,31.22,54.74,0
221940875000000,1438,RECORD,P01,S01,mvc,0,966,791,800,801,,1,0,221940875000000,30.52,22.29,35.35,36.94,158.7,14.46,26.91,148.49,22.36,32.12,136.29,25.85,38.83,111.4,50.35,0
221940890000000,1439,RECORD,P01,S01,mvc,0,969,786,802,803,,1,0,221940890000000,30.52,22.29,35.35,36.94,158.7,14.46,26.91,148.49,22.36,32.12,136.29,25.85,38.83,111.4,50.35,0
221940890000000,1440,RECORD,P01,S01,mvc,0,974,799,807,800,,1,0,221940890000000,30.52,22.29,35.35,36.94,158.7,14.46,26.91,148.49,22.36,32.12,136.29,25.85,38.83,111.4,50.35,0
221940906000000,1441,RECORD,P01,S01,mvc,0,975,795,812,805,,1,0,221940906000000,30.52,22.29,35.35,36.94,158.7,14.46,26.91,148.49,22.36,32.12,136.29,25.85,38.83,111.4,50.35,0
221940906000000,1442,RECORD,P01,S01,mvc,0,980,799,812,800,,1,0,221940906000000,30.52,22.29,35.35,36.94,158.7,14.46,26.91,148.49,22.36,32.12,136.29,25.85,38.83,111.4,50.35,0
221940921000000,1443,RECORD,P01,S01,mvc,0,987,804,820,798,,1,0,221940921000000,32.27,22.39,26.26,34.68,157.98,19.13,25.18,149.02,23.78,30.13,138.3,25.21,36.49,116.88,46.18,0
221940937000000,1444,RECORD,P01,S01,mvc,0,989,804,830,807,,1,0,221940937000000,32.27,22.39,26.26,34.68,157.98,19.13,25.18,149.02,23.78,30.13,138.3,25.21,36.49,116.88,46.18,0
221940937000000,1445,RECORD,P01,S01,mvc,0,993,810,835,812,,1,0,221940937000000,32.27,22.39,26.26,34.68,157.98,19.13,25.18,149.02,23.78,30.13,138.3,25.21,36.49,116.88,46.18,0
221940953000000,1446,RECORD,P01,S01,mvc,0,998,805,843,811,,1,0,221940953000000,32.27,22.39,26.26,34.68,157.98,19.13,25.18,149.02,23.78,30.13,138.3,25.21,36.49,116.88,46.18,0
221940968000000,1447,RECORD,P01,S01,mvc,0,1002,804,844,810,,1,0,221940968000000,30.32,22.22,27.8,32.98,159.35,19.24,23.61,151.1,23.1,30.21,140.34,24.18,37.71,119.32,44.87,0
221940968000000,1448,RECORD,P01,S01,mvc,0,1007,807,846,806,,1,0,221940968000000,30.32,22.22,27.8,32.98,159.35,19.24,23.61,151.1,23.1,30.21,140.34,24.18,37.71,119.32,44.87,0
221940984000000,1449,RECORD,P01,S01,mvc,0,1008,817,847,812,,1,0,221940984000000,30.32,22.22,27.8,32.98,159.35,19.24,23.61,151.1,23.1,30.21,140.34,24.18,37.71,119.32,44.87,0
221941000000000,1450,RECORD,P01,S01,mvc,0,1011,823,848,816,,1,0,221941000000000,30.32,22.22,27.8,32.98,159.35,19.24,23.61,151.1,23.1,30.21,140.34,24.18,37.71,119.32,44.87,0
221941000000000,1451,RECORD,P01,S01,mvc,0,1015,832,849,818,,1,0,221941000000000,30.32,22.22,27.8,32.98,159.35,19.24,23.61,151.1,23.1,30.21,140.34,24.18,37.71,119.32,44.87,0
221941015000000,1452,RECORD,P01,S01,mvc,0,1023,841,851,822,,1,0,221941015000000,30.22,21.32,25.77,33.32,161.55,17.97,22.74,152.39,22.46,29.48,140.87,23.77,37.45,120.0,44.46,0
221941031000000,1453,RECORD,P01,S01,mvc,0,1023,842,856,823,,1,0,221941031000000,30.22,21.32,25.77,33.32,161.55,17.97,22.74,152.39,22.46,29.48,140.87,23.77,37.45,120.0,44.46,0
221941031000000,1454,RECORD,P01,S01,mvc,0,1023,842,857,823,,1,0,221941031000000,30.22,21.32,25.77,33.32,161.55,17.97,22.74,152.39,22.46,29.48,140.87,23.77,37.45,120.0,44.46,0
221941046000000,1455,RECORD,P01,S01,mvc,0,1023,844,859,826,,1,0,221941046000000,30.22,21.32,25.77,33.32,161.55,17.97,22.74,152.39,22.46,29.48,140.87,23.77,37.45,120.0,44.46,0
221941046000000,1456,RECORD,P01,S01,mvc,0,1023,852,865,830,,0,0,221941046000000,30.22,21.32,25.77,33.32,161.55,17.97,22.74,152.39,22.46,29.48,140.87,23.77,37.45,120.0,44.46,0
221941062000000,1457,RECORD,P01,S01,mvc,0,1023,860,868,827,,0,0,221941062000000,30.93,22.42,27.49,33.58,83.73,88.23,22.36,142.74,32.11,30.27,137.13,28.57,38.28,118.04,48.14,0
221941078000000,1458,RECORD,P01,S01,mvc,0,1023,866,872,832,,0,0,221941078000000,30.93,22.42,27.49,33.58,83.73,88.23,22.36,142.74,32.11,30.27,137.13,28.57,38.28,118.04,48.14,0
221941078000000,1459,RECORD,P01,S01,mvc,0,1023,874,873,834,,0,0,221941078000000,30.93,22.42,27.49,33.58,83.73,88.23,22.36,142.74,32.11,30.27,137.13,28.57,38.28,118.04,48.14,0
221941093000000,1460,RECORD,P01,S01,mvc,0,1023,882,876,835,,0,0,221941093000000,30.93,22.42,27.49,33.58,83.73,88.23,22.36,142.74,32.11,30.27,137.13,28.57,38.28,118.04,48.14,0
221941109000000,1461,RECORD,P01,S01,mvc,0,1023,888,878,837,,0,0,221941109000000,30.93,22.42,27.49,33.58,83.73,88.23,22.36,142.74,32.11,30.27,137.13,28.57,38.28,118.04,48.14,0
221941109000000,1462,RECORD,P01,S01,mvc,0,1023,894,879,839,,0,0,221941109000000,30.93,22.42,27.49,33.58,83.73,88.23,22.36,142.74,32.11,30.27,137.13,28.57,38.28,118.04,48.14,0
221941125000000,1463,RECORD,P01,S01,mvc,0,1023,896,881,836,,0,0,221941125000000,30.93,22.42,27.49,33.58,83.73,88.23,22.36,142.74,32.11,30.27,137.13,28.57,38.28,118.04,48.14,0
221941140000000,1464,RECORD,P01,S01,mvc,0,1023,900,882,832,,0,0,221941140000000,30.93,22.42,27.49,33.58,83.73,88.23,22.36,142.74,32.11,30.27,137.13,28.57,38.28,118.04,48.14,0
221941140000000,1465,RECORD,P01,S01,mvc,0,1023,902,884,836,,0,0,221941140000000,30.93,22.42,27.49,33.58,83.73,88.23,22.36,142.74,32.11,30.27,137.13,28.57,38.28,118.04,48.14,0
221941156000000,1466,RECORD,P01,S01,mvc,0,1023,905,885,833,,1,0,221941156000000,30.34,22.21,31.74,38.02,162.93,15.91,27.18,146.98,27.01,37.5,139.0,27.61,46.11,130.27,40.91,0
221941156000000,1467,RECORD,P01,S01,mvc,0,1023,906,884,835,,1,0,221941156000000,30.34,22.21,31.74,38.02,162.93,15.91,27.18,146.98,27.01,37.5,139.0,27.61,46.11,130.27,40.91,0
221941171000000,1468,RECORD,P01,S01,mvc,0,1023,912,886,840,,1,0,221941171000000,30.34,22.21,31.74,38.02,162.93,15.91,27.18,146.98,27.01,37.5,139.0,27.61,46.11,130.27,40.91,0
221941187000000,1469,RECORD,P01,S01,mvc,0,1023,915,886,842,,1,0,221941187000000,30.34,22.21,31.74,38.02,162.93,15.91,27.18,146.98,27.01,37.5,139.0,27.61,46.11,130.27,40.91,0
221941187000000,1470,RECORD,P01,S01,mvc,0,1023,918,886,843,,1,0,221941187000000,30.34,22.21,31.74,38.02,162.93,15.91,27.18,146.98,27.01,37.5,139.0,27.61,46.11,130.27,40.91,0
221941203000000,1471,RECORD,P01,S01,mvc,0,1023,918,888,846,,1,0,221941203000000,30.83,24.78,25.23,36.77,161.45,16.2,25.65,145.73,27.87,36.01,137.53,27.92,46.8,129.7,38.54,0
221941218000000,1472,RECORD,P01,S01,mvc,0,1023,920,893,846,,1,0,221941218000000,30.83,24.78,25.23,36.77,161.45,16.2,25.65,145.73,27.87,36.01,137.53,27.92,46.8,129.7,38.54,0
221941218000000,1473,RECORD,P01,S01,mvc,0,1023,923,894,848,,1,0,221941218000000,30.83,24.78,25.23,36.77,161.45,16.2,25.65,145.73,27.87,36.01,137.53,27.92,46.8,129.7,38.54,0
221941234000000,1474,RECORD,P01,S01,mvc,0,1023,926,897,848,,1,0,221941234000000,30.83,24.78,25.23,36.77,161.45,16.2,25.65,145.73,27.87,36.01,137.53,27.92,46.8,129.7,38.54,0
221941250000000,1475,RECORD,P01,S01,mvc,0,1023,928,896,848,,1,0,221941250000000,30.83,24.78,25.23,36.77,161.45,16.2,25.65,145.73,27.87,36.01,137.53,27.92,46.8,129.7,38.54,0
221941250000000,1476,RECORD,P01,S01,mvc,0,1023,930,898,852,,1,0,221941250000000,30.83,24.78,25.23,36.77,161.45,16.2,25.65,145.73,27.87,36.01,137.53,27.92,46.8,129.7,38.54,0
221941265000000,1477,RECORD,P01,S01,mvc,0,1023,933,897,857,,1,0,221941265000000,30.83,24.78,25.23,36.77,161.45,16.2,25.65,145.73,27.87,36.01,137.53,27.92,46.8,129.7,38.54,0
221941281000000,1478,RECORD,P01,S01,mvc,0,1023,935,901,858,,1,0,221941281000000,30.83,24.78,25.23,36.77,161.45,16.2,25.65,145.73,27.87,36.01,137.53,27.92,46.8,129.7,38.54,0
221941281000000,1479,RECORD,P01,S01,mvc,0,1023,935,902,860,,1,0,221941281000000,30.83,24.78,25.23,36.77,161.45,16.2,25.65,145.73,27.87,36.01,137.53,27.92,46.8,129.7,38.54,0
221941296000000,1480,RECORD,P01,S01,mvc,0,1023,937,909,862,,1,0,221941296000000,34.5,24.31,25.61,36.25,167.65,12.38,22.67,148.45,26.26,33.98,139.55,26.18,46.07,136.01,33.96,0
221941296000000,1481,RECORD,P01,S01,mvc,0,1023,939,910,863,,1,0,221941296000000,34.5,24.31,25.61,36.25,167.65,12.38,22.67,148.45,26.26,33.98,139.55,26.18,46.07,136.01,33.96,0
221941312000000,1482,RECORD,P01,S01,mvc,0,1023,940,911,865,,1,0,221941312000000,34.5,24.31,25.61,36.25,167.65,12.38,22.67,148.45,26.26,33.98,139.55,26.18,46.07,136.01,33.96,0
221941328000000,1483,RECORD,P01,S01,mvc,0,1023,943,912,867,,1,0,221941328000000,34.5,24.31,25.61,36.25,167.65,12.38,22.67,148.45,26.26,33.98,139.55,26.18,46.07,136.01,33.96,0
221941328000000,1484,RECORD,P01,S01,mvc,0,1023,943,911,868,,1,0,221941328000000,34.5,24.31,25.61,36.25,167.65,12.38,22.67,148.45,26.26,33.98,139.55,26.18,46.07,136.01,33.96,0
221941343000000,1485,RECORD,P01,S01,mvc,0,1023,945,912,870,,1,0,221941343000000,34.23,24.55,27.67,35.99,164.21,13.86,23.48,145.03,28.98,34.78,136.62,29.46,46.93,132.0,37.81,0
221941359000000,1486,RECORD,P01,S01,mvc,0,1023,949,915,875,,0,0,221941359000000,34.23,24.55,27.67,35.99,164.21,13.86,23.48,145.03,28.98,34.78,136.62,29.46,46.93,132.0,37.81,0
221941359000000,1487,RECORD,P01,S01,mvc,0,1023,950,918,877,,0,0,221941359000000,34.23,24.55,27.67,35.99,164.21,13.86,23.48,145.03,28.98,34.78,136.62,29.46,46.93,132.0,37.81,0
221941375000000,1488,RECORD,P01,S01,mvc,0,1023,951,918,877,,0,0,221941375000000,34.23,24.55,27.67,35.99,164.21,13.86,23.48,145.03,28.98,34.78,136.62,29.46,46.93,132.0,37.81,0
221941390000000,1489,RECORD,P01,S01,mvc,0,1023,952,917,876,,0,0,221941390000000,34.59,25.67,27.73,37.94,164.76,11.92,23.41,146.3,26.97,32.97,138.92,26.84,45.03,137.52,32.7,0
221941390000000,1490,RECORD,P01,S01,mvc,0,1023,955,919,880,,0,0,221941390000000,34.59,25.67,27.73,37.94,164.76,11.92,23.41,146.3,26.97,32.97,138.92,26.84,45.03,137.52,32.7,0
221941406000000,1491,RECORD,P01,S01,mvc,0,1023,958,920,884,,0,0,221941406000000,34.59,25.67,27.73,37.94,164.76,11.92,23.41,146.3,26.97,32.97,138.92,26.84,45.03,137.52,32.7,0
221941421000000,1492,RECORD,P01,S01,mvc,0,1023,957,920,885,,0,0,221941421000000,34.59,25.67,27.73,37.94,164.76,11.92,23.41,146.3,26.97,32.97,138.92,26.84,45.03,137.52,32.7,0
221941421000000,1493,RECORD,P01,S01,mvc,0,1023,958,920,886,,0,0,221941421000000,34.59,25.67,27.73,37.94,164.76,11.92,23.41,146.3,26.97,32.97,138.92,26.84,45.03,137.52,32.7,0
221941437000000,1494,RECORD,P01,S01,mvc,0,1023,957,921,889,,0,0,221941437000000,33.42,24.73,36.49,35.23,162.85,12.96,24.24,144.83,26.55,36.33,137.36,26.95,47.99,135.8,34.01,0
221941437000000,1495,RECORD,P01,S01,mvc,0,1023,958,922,889,,0,0,221941437000000,33.42,24.73,36.49,35.23,162.85,12.96,24.24,144.83,26.55,36.33,137.36,26.95,47.99,135.8,34.01,0
221941453000000,1496,RECORD,P01,S01,mvc,0,1023,956,920,889,,1,0,221941453000000,33.42,24.73,36.49,35.23,162.85,12.96,24.24,144.83,26.55,36.33,137.36,26.95,47.99,135.8,34.01,0
221941468000000,1497,RECORD,P01,S01,mvc,0,1023,957,921,887,,1,0,221941468000000,33.42,24.73,36.49,35.23,162.85,12.96,24.24,144.83,26.55,36.33,137.36,26.95,47.99,135.8,34.01,0
221941468000000,1498,RECORD,P01,S01,mvc,0,1023,958,921,889,,1,0,221941468000000,33.42,24.73,36.49,35.23,162.85,12.96,24.24,144.83,26.55,36.33,137.36,26.95,47.99,135.8,34.01,0
221941484000000,1499,RECORD,P01,S01,mvc,0,1023,958,921,890,,1,0,221941484000000,33.42,24.73,36.49,35.23,162.85,12.96,24.24,144.83,26.55,36.33,137.36,26.95,47.99,135.8,34.01,0
221941500000000,1500,RECORD,P01,S01,mvc,0,1023,958,923,893,,1,0,221941500000000,33.42,24.73,36.49,35.23,162.85,12.96,24.24,144.83,26.55,36.33,137.36,26.95,47.99,135.8,34.01,0
221941500000000,1501,RECORD,P01,S01,mvc,0,1023,960,924,897,,1,0,221941500000000,33.42,24.73,36.49,35.23,162.85,12.96,24.24,144.83,26.55,36.33,137.36,26.95,47.99,135.8,34.01,0
221941515000000,1502,RECORD,P01,S01,mvc,0,1023,961,923,898,,1,0,221941515000000,33.42,24.73,36.49,35.23,162.85,12.96,24.24,144.83,26.55,36.33,137.36,26.95,47.99,135.8,34.01,0
221941531000000,1503,RECORD,P01,S01,mvc,0,1023,962,925,902,,1,0,221941531000000,32.27,27.11,32.41,37.13,168.86,9.39,21.11,150.78,22.09,32.59,142.15,22.53,45.64,142.12,27.42,0
221941531000000,1504,RECORD,P01,S01,mvc,0,1023,963,927,903,,1,0,221941531000000,32.27,27.11,32.41,37.13,168.86,9.39,21.11,150.78,22.09,32.59,142.15,22.53,45.64,142.12,27.42,0
221941546000000,1505,RECORD,P01,S01,mvc,0,1023,963,925,906,,1,0,221941546000000,32.27,27.11,32.41,37.13,168.86,9.39,21.11,150.78,22.09,32.59,142.15,22.53,45.64,142.12,27.42,0
221941546000000,1506,RECORD,P01,S01,mvc,0,1023,969,929,910,,0,0,221941546000000,32.27,27.11,32.41,37.13,168.86,9.39,21.11,150.78,22.09,32.59,142.15,22.53,45.64,142.12,27.42,0
221941562000000,1507,RECORD,P01,S01,mvc,0,1023,970,929,914,,0,0,221941562000000,32.27,27.11,32.41,37.13,168.86,9.39,21.11,150.78,22.09,32.59,142.15,22.53,45.64,142.12,27.42,0
221941578000000,1508,RECORD,P01,S01,mvc,0,1023,971,930,915,,0,0,221941578000000,32.29,26.23,34.86,34.2,166.33,10.5,21.16,147.64,24.69,34.68,138.81,25.22,47.61,137.51,31.37,0
221941578000000,1509,RECORD,P01,S01,mvc,0,1023,975,931,917,,0,0,221941578000000,32.29,26.23,34.86,34.2,166.33,10.5,21.16,147.64,24.69,34.68,138.81,25.22,47.61,137.51,31.37,0
221941593000000,1510,RECORD,P01,S01,mvc,0,1023,975,932,917,,0,0,221941593000000,32.29,26.23,34.86,34.2,166.33,10.5,21.16,147.64,24.69,34.68,138.81,25.22,47.61,137.51,31.37,0
221941609000000,1511,RECORD,P01,S01,mvc,0,1023,975,931,917,,0,0,221941609000000,32.29,26.23,34.86,34.2,166.33,10.5,21.16,147.64,24.69,34.68,138.81,25.22,47.61,137.51,31.37,0
221941609000000,1512,RECORD,P01,S01,mvc,0,1023,974,930,919,,0,0,221941609000000,32.29,26.23,34.86,34.2,166.33,10.5,21.16,147.64,24.69,34.68,138.81,25.22,47.61,137.51,31.37,0
221941625000000,1513,RECORD,P01,S01,mvc,0,1023,976,932,920,,0,0,221941625000000,32.33,26.78,30.85,35.77,165.63,11.19,21.31,148.19,23.56,32.94,141.39,23.05,45.75,141.25,28.07,0
221941640000000,1514,RECORD,P01,S01,mvc,0,1023,976,931,921,,0,0,221941640000000,32.33,26.78,30.85,35.77,165.63,11.19,21.31,148.19,23.56,32.94,141.39,23.05,45.75,141.25,28.07,0
221941640000000,1515,RECORD,P01,S01,mvc,0,1023,978,930,921,,0,0,221941640000000,32.33,26.78,30.85,35.77,165.63,11.19,21.31,148.19,23.56,32.94,141.39,23.05,45.75,141.25,28.07,0
221941656000000,1516,RECORD,P01,S01,mvc,0,1023,978,930,925,,0,0,221941656000000,32.33,26.78,30.85,35.77,165.63,11.19,21.31,148.19,23.56,32.94,141.39,23.05,45.75,141.25,28.07,0
221941656000000,1517,RECORD,P01,S01,mvc,0,1023,977,930,925,,0,0,221941656000000,32.33,26.78,30.85,35.77,165.63,11.19,21.31,148.19,23.56,32.94,141.39,23.05,45.75,141.25,28.07,0
221941671000000,1518,RECORD,P01,S01,mvc,0,1023,978,932,928,,0,0,221941671000000,32.87,26.37,30.33,36.32,167.28,8.82,21.47,149.38,22.55,32.0,141.13,23.39,44.86,140.66,28.2,0
221941687000000,1519,RECORD,P01,S01,mvc,0,1023,978,931,929,,0,0,221941687000000,32.87,26.37,30.33,36.32,167.28,8.82,21.47,149.38,22.55,32.0,141.13,23.39,44.86,140.66,28.2,0
221941687000000,1520,RECORD,P01,S01,mvc,0,1023,981,932,932,,0,0,221941687000000,32.87,26.37,30.33,36.32,167.28,8.82,21.47,149.38,22.55,32.0,141.13,23.39,44.86,140.66,28.2,0
221941703000000,1521,RECORD,P01,S01,mvc,0,1023,981,931,932,,0,0,221941703000000,32.87,26.37,30.33,36.32,167.28,8.82,21.47,149.38,22.55,32.0,141.13,23.39,44.86,140.66,28.2,0
221941718000000,1522,RECORD,P01,S01,mvc,0,1023,982,933,934,,0,0,221941718000000,32.87,26.37,30.33,36.32,167.28,8.82,21.47,149.38,22.55,32.0,141.13,23.39,44.86,140.66,28.2,0
221941718000000,1523,RECORD,P01,S01,mvc,0,1023,983,932,934,,0,0,221941718000000,32.87,26.37,30.33,36.32,167.28,8.82,21.47,149.38,22.55,32.0,141.13,23.39,44.86,140.66,28.2,0
221941734000000,1524,RECORD,P01,S01,mvc,0,1023,981,933,934,,0,0,221941734000000,32.87,26.37,30.33,36.32,167.28,8.82,21.47,149.38,22.55,32.0,141.13,23.39,44.86,140.66,28.2,0
221941750000000,1525,RECORD,P01,S01,mvc,0,1023,982,932,935,,0,0,221941750000000,32.87,26.37,30.33,36.32,167.28,8.82,21.47,149.38,22.55,32.0,141.13,23.39,44.86,140.66,28.2,0
221941750000000,1526,RECORD,P01,S01,mvc,0,1023,979,930,932,,1,0,221941750000000,32.87,26.37,30.33,36.32,167.28,8.82,21.47,149.38,22.55,32.0,141.13,23.39,44.86,140.66,28.2,0
221941765000000,1527,RECORD,P01,S01,mvc,0,1023,980,929,931,,1,0,221941765000000,31.26,26.21,35.54,35.62,164.79,9.56,21.18,148.25,22.64,32.64,140.28,23.44,45.73,139.58,29.0,0
221941781000000,1528,RECORD,P01,S01,mvc,0,1023,980,930,931,,1,0,221941781000000,31.26,26.21,35.54,35.62,164.79,9.56,21.18,148.25,22.64,32.64,140.28,23.44,45.73,139.58,29.0,0
221941781000000,1529,RECORD,P01,S01,mvc,0,1023,978,928,930,,1,0,221941781000000,31.26,26.21,35.54,35.62,164.79,9.56,21.18,148.25,22.64,32.64,140.28,23.44,45.73,139.58,29.0,0
221941796000000,1530,RECORD,P01,S01,mvc,0,1023,980,929,931,,1,0,221941796000000,31.26,26.21,35.54,35.62,164.79,9.56,21.18,148.25,22.64,32.64,140.28,23.44,45.73,139.58,29.0,0
221941796000000,1531,RECORD,P01,S01,mvc,0,1023,980,930,932,,1,0,221941796000000,31.26,26.21,35.54,35.62,164.79,9.56,21.18,148.25,22.64,32.64,140.28,23.44,45.73,139.58,29.0,0
221941812000000,1532,RECORD,P01,S01,mvc,0,1023,979,928,933,,1,0,221941812000000,32.76,26.59,32.03,36.15,165.12,9.54,22.19,148.14,23.08,32.72,140.24,23.81,45.0,139.39,29.45,0
221941828000000,1533,RECORD,P01,S01,mvc,0,1023,981,930,933,,1,0,221941828000000,32.76,26.59,32.03,36.15,165.12,9.54,22.19,148.14,23.08,32.72,140.24,23.81,45.0,139.39,29.45,0
221941828000000,1534,RECORD,P01,S01,mvc,0,1023,982,929,932,,1,0,221941828000000,32.76,26.59,32.03,36.15,165.12,9.54,22.19,148.14,23.08,32.72,140.24,23.81,45.0,139.39,29.45,0
221941843000000,1535,RECORD,P01,S01,mvc,0,1023,982,930,934,,1,0,221941843000000,32.76,26.59,32.03,36.15,165.12,9.54,22.19,148.14,23.08,32.72,140.24,23.81,45.0,139.39,29.45,0
221941859000000,1536,RECORD,P01,S01,mvc,0,1023,986,933,938,,0,0,221941859000000,32.96,26.43,31.18,36.18,167.27,7.65,21.47,149.86,21.55,31.91,141.27,22.89,45.08,139.04,29.26,0
221941859000000,1537,RECORD,P01,S01,mvc,0,1023,987,934,939,,0,0,221941859000000,32.96,26.43,31.18,36.18,167.27,7.65,21.47,149.86,21.55,31.91,141.27,22.89,45.08,139.04,29.26,0
221941875000000,1538,RECORD,P01,S01,mvc,0,1023,986,934,939,,0,0,221941875000000,32.96,26.43,31.18,36.18,167.27,7.65,21.47,149.86,21.55,31.91,141.27,22.89,45.08,139.04,29.26,0
221941890000000,1539,RECORD,P01,S01,mvc,0,1023,987,935,941,,0,0,221941890000000,32.96,26.43,31.18,36.18,167.27,7.65,21.47,149.86,21.55,31.91,141.27,22.89,45.08,139.04,29.26,0
221941890000000,1540,RECORD,P01,S01,mvc,0,1023,988,934,940,,0,0,221941890000000,32.96,26.43,31.18,36.18,167.27,7.65,21.47,149.86,21.55,31.91,141.27,22.89,45.08,139.04,29.26,0
221941906000000,1541,RECORD,P01,S01,mvc,0,1023,987,934,942,,0,0,221941906000000,32.96,26.43,31.18,36.18,167.27,7.65,21.47,149.86,21.55,31.91,141.27,22.89,45.08,139.04,29.26,0
221941921000000,1542,RECORD,P01,S01,mvc,0,1023,987,934,942,,0,0,221941921000000,32.96,26.43,31.18,36.18,167.27,7.65,21.47,149.86,21.55,31.91,141.27,22.89,45.08,139.04,29.26,0
221941921000000,1543,RECORD,P01,S01,mvc,0,1023,988,935,943,,0,0,221941921000000,32.96,26.43,31.18,36.18,167.27,7.65,21.47,149.86,21.55,31.91,141.27,22.89,45.08,139.04,29.26,0
221941937000000,1544,RECORD,P01,S01,mvc,0,1023,988,933,941,,0,0,221941937000000,32.96,26.43,31.18,36.18,167.27,7.65,21.47,149.86,21.55,31.91,141.27,22.89,45.08,139.04,29.26,0
221941937000000,1545,RECORD,P01,S01,mvc,0,1023,989,934,944,,0,0,221941937000000,32.96,26.43,31.18,36.18,167.27,7.65,21.47,149.86,21.55,31.91,141.27,22.89,45.08,139.04,29.26,0
221941953000000,1546,RECORD,P01,S01,mvc,0,1023,988,934,944,,0,0,221941953000000,32.97,26.57,33.27,38.12,163.92,8.55,23.13,147.83,22.0,32.19,140.18,23.35,45.1,138.57,29.81,0
221941968000000,1547,RECORD,P01,S01,mvc,0,1023,989,934,943,,0,0,221941968000000,32.97,26.57,33.27,38.12,163.92,8.55,23.13,147.83,22.0,32.19,140.18,23.35,45.1,138.57,29.81,0
221941968000000,1548,RECORD,P01,S01,mvc,0,1023,991,934,943,,0,0,221941968000000,32.97,26.57,33.27,38.12,163.92,8.55,23.13,147.83,22.0,32.19,140.18,23.35,45.1,138.57,29.81,0
221941984000000,1549,RECORD,P01,S01,mvc,0,1023,989,933,944,,0,0,221941984000000,32.97,26.57,33.27,38.12,163.92,8.55,23.13,147.83,22.0,32.19,140.18,23.35,45.1,138.57,29.81,0
221942000000000,1550,RECORD,P01,S01,mvc,0,1023,990,933,944,,0,0,221942000000000,33.22,26.39,34.95,36.93,163.31,9.05,22.48,148.09,21.63,32.77,140.43,22.89,45.97,138.45,29.72,0
221942000000000,1551,RECORD,P01,S01,mvc,0,1023,990,935,945,,0,0,221942000000000,33.22,26.39,34.95,36.93,163.31,9.05,22.48,148.09,21.63,32.77,140.43,22.89,45.97,138.45,29.72,0
221942015000000,1552,RECORD,P01,S01,mvc,0,1023,992,934,942,,0,0,221942015000000,33.22,26.39,34.95,36.93,163.31,9.05,22.48,148.09,21.63,32.77,140.43,22.89,45.97,138.45,29.72,0
221942015000000,1553,RECORD,P01,S01,mvc,0,1023,990,935,946,,0,0,221942015000000,33.22,26.39,34.95,36.93,163.31,9.05,22.48,148.09,21.63,32.77,140.43,22.89,45.97,138.45,29.72,0
221942031000000,1554,RECORD,P01,S01,mvc,0,1023,990,935,946,,0,0,221942031000000,33.22,26.39,34.95,36.93,163.31,9.05,22.48,148.09,21.63,32.77,140.43,22.89,45.97,138.45,29.72,0
221942046000000,1555,RECORD,P01,S01,mvc,0,1023,991,936,946,,0,0,221942046000000,32.72,26.64,33.77,37.28,164.07,8.4,22.2,148.99,21.29,32.32,140.61,22.68,45.65,138.16,29.67,0
221942062000000,1556,RECORD,P01,S01,mvc,0,1023,988,931,942,,1,0,221942062000000,32.72,26.64,33.77,37.28,164.07,8.4,22.2,148.99,21.29,32.32,140.61,22.68,45.65,138.16,29.67,0
221942062000000,1557,RECORD,P01,S01,mvc,0,1023,989,931,940,,1,0,221942062000000,32.72,26.64,33.77,37.28,164.07,8.4,22.2,148.99,21.29,32.32,140.61,22.68,45.65,138.16,29.67,0
221942078000000,1558,RECORD,P01,S01,mvc,0,1023,989,930,942,,1,0,221942078000000,32.72,26.64,33.77,37.28,164.07,8.4,22.2,148.99,21.29,32.32,140.61,22.68,45.65,138.16,29.67,0
221942078000000,1559,RECORD,P01,S01,mvc,0,1023,989,931,941,,1,0,221942078000000,32.72,26.64,33.77,37.28,164.07,8.4,22.2,148.99,21.29,32.32,140.61,22.68,45.65,138.16,29.67,0
221942093000000,1560,RECORD,P01,S01,mvc,0,1023,989,927,942,,1,0,221942093000000,32.72,26.64,33.77,37.28,164.07,8.4,22.2,148.99,21.29,32.32,140.61,22.68,45.65,138.16,29.67,0
221942109000000,1561,RECORD,P01,S01,mvc,0,1023,990,930,942,,1,0,221942109000000,32.72,26.64,33.77,37.28,164.07,8.4,22.2,148.99,21.29,32.32,140.61,22.68,45.65,138.16,29.67,0
221942109000000,1562,RECORD,P01,S01,mvc,0,1023,988,932,943,,1,0,221942109000000,32.72,26.64,33.77,37.28,164.07,8.4,22.2,148.99,21.29,32.32,140.61,22.68,45.65,138.16,29.67,0
221942125000000,1563,RECORD,P01,S01,mvc,0,1023,991,932,943,,1,0,221942125000000,32.72,26.64,33.77,37.28,164.07,8.4,22.2,148.99,21.29,32.32,140.61,22.68,45.65,138.16,29.67,0
221942140000000,1564,RECORD,P01,S01,mvc,0,1023,990,931,942,,1,0,221942140000000,32.56,26.62,36.74,36.66,163.38,8.67,22.55,148.35,21.33,33.05,140.08,23.0,45.97,138.64,29.73,0
221942140000000,1565,RECORD,P01,S01,mvc,0,1023,991,932,942,,1,0,221942140000000,32.56,26.62,36.74,36.66,163.38,8.67,22.55,148.35,21.33,33.05,140.08,23.0,45.97,138.64,29.73,0
221942156000000,1566,RECORD,P01,S01,mvc,0,1023,991,928,940,,1,0,221942156000000,32.56,26.62,36.74,36.66,163.38,8.67,22.55,148.35,21.33,33.05,140.08,23.0,45.97,138.64,29.73,0
221942171000000,1567,RECORD,P01,S01,mvc,0,1023,993,928,942,,1,0,221942171000000,32.56,26.62,36.74,36.66,163.38,8.67,22.55,148.35,21.33,33.05,140.08,23.0,45.97,138.64,29.73,0
221942171000000,1568,RECORD,P01,S01,mvc,0,1023,992,929,943,,1,0,221942171000000,32.56,26.62,36.74,36.66,163.38,8.67,22.55,148.35,21.33,33.05,140.08,23.0,45.97,138.64,29.73,0
221942187000000,1569,RECORD,P01,S01,mvc,0,1023,995,928,942,,1,0,221942187000000,32.23,26.25,32.46,35.53,165.43,8.33,21.72,149.83,20.88,32.85,141.96,22.04,45.93,139.91,28.94,0
221942187000000,1570,RECORD,P01,S01,mvc,0,1023,993,929,943,,1,0,221942187000000,32.23,26.25,32.46,35.53,165.43,8.33,21.72,149.83,20.88,32.85,141.96,22.04,45.93,139.91,28.94,0
221942203000000,1571,RECORD,P01,S01,mvc,0,1023,993,932,944,,1,0,221942203000000,32.23,26.25,32.46,35.53,165.43,8.33,21.72,149.83,20.88,32.85,141.96,22.04,45.93,139.91,28.94,0
221942218000000,1572,RECORD,P01,S01,mvc,0,1023,992,930,943,,1,0,221942218000000,32.23,26.25,32.46,35.53,165.43,8.33,21.72,149.83,20.88,32.85,141.96,22.04,45.93,139.91,28.94,0
221942218000000,1573,RECORD,P01,S01,mvc,0,1023,991,932,946,,1,0,221942218000000,32.23,26.25,32.46,35.53,165.43,8.33,21.72,149.83,20.88,32.85,141.96,22.04,45.93,139.91,28.94,0
221942234000000,1574,RECORD,P01,S01,mvc,0,1023,991,931,944,,1,0,221942234000000,32.61,26.29,32.66,36.94,165.48,7.04,22.59,149.31,21.03,33.14,141.17,22.68,46.13,138.92,29.55,0
221942250000000,1575,RECORD,P01,S01,mvc,0,1023,994,933,945,,1,0,221942250000000,32.61,26.29,32.66,36.94,165.48,7.04,22.59,149.31,21.03,33.14,141.17,22.68,46.13,138.92,29.55,0
221942250000000,1576,RECORD,P01,S01,mvc,0,1023,994,929,944,,1,0,221942250000000,32.61,26.29,32.66,36.94,165.48,7.04,22.59,149.31,21.03,33.14,141.17,22.68,46.13,138.92,29.55,0
221942265000000,1577,RECORD,P01,S01,mvc,0,1023,994,928,944,,1,0,221942265000000,32.61,26.29,32.66,36.94,165.48,7.04,22.59,149.31,21.03,33.14,141.17,22.68,46.13,138.92,29.55,0
221942265000000,1578,RECORD,P01,S01,mvc,0,1023,995,928,944,,1,0,221942265000000,32.61,26.29,32.66,36.94,165.48,7.04,22.59,149.31,21.03,33.14,141.17,22.68,46.13,138.92,29.55,0
221942281000000,1579,RECORD,P01,S01,mvc,0,1023,993,931,943,,1,0,221942281000000,32.61,26.29,32.66,36.94,165.48,7.04,22.59,149.31,21.03,33.14,141.17,22.68,46.13,138.92,29.55,0
221942296000000,1580,RECORD,P01,S01,mvc,0,1023,995,933,945,,1,0,221942296000000,32.61,26.29,32.66,36.94,165.48,7.04,22.59,149.31,21.03,33.14,141.17,22.68,46.13,138.92,29.55,0
221942312000000,1581,RECORD,P01,S01,mvc,0,1023,994,932,946,,1,0,221942312000000,32.61,26.29,32.66,36.94,165.48,7.04,22.59,149.31,21.03,33.14,141.17,22.68,46.13,138.92,29.55,0
221942312000000,1582,RECORD,P01,S01,mvc,0,1023,996,929,945,,1,0,221942312000000,32.61,26.29,32.66,36.94,165.48,7.04,22.59,149.31,21.03,33.14,141.17,22.68,46.13,138.92,29.55,0
221942328000000,1583,RECORD,P01,S01,mvc,0,1023,996,929,945,,1,0,221942328000000,32.22,26.15,32.72,36.3,164.02,9.09,22.08,148.61,22.16,33.07,140.98,23.0,45.88,139.05,29.6,0
221942328000000,1584,RECORD,P01,S01,mvc,0,1023,998,929,944,,1,0,221942328000000,32.22,26.15,32.72,36.3,164.02,9.09,22.08,148.61,22.16,33.07,140.98,23.0,45.88,139.05,29.6,0
221942343000000,1585,RECORD,P01,S01,mvc,0,1023,999,929,945,,1,0,221942343000000,32.22,26.15,32.72,36.3,164.02,9.09,22.08,148.61,22.16,33.07,140.98,23.0,45.88,139.05,29.6,0
221942359000000,1586,RECORD,P01,S01,mvc,0,1023,1005,932,949,,0,0,221942359000000,32.22,26.15,32.72,36.3,164.02,9.09,22.08,148.61,22.16,33.07,140.98,23.0,45.88,139.05,29.6,0
221942359000000,1587,RECORD,P01,S01,mvc,0,1023,1004,934,950,,0,0,221942359000000,32.22,26.15,32.72,36.3,164.02,9.09,22.08,148.61,22.16,33.07,140.98,23.0,45.88,139.05,29.6,0
221942375000000,1588,RECORD,P01,S01,mvc,0,1023,1002,933,950,,0,0,221942375000000,33.2,25.88,28.93,36.95,162.31,10.24,22.86,147.45,23.39,33.18,140.49,23.85,46.07,138.82,30.28,0
221942390000000,1589,RECORD,P01,S01,mvc,0,1023,1002,936,950,,0,0,221942390000000,33.2,25.88,28.93,36.95,162.31,10.24,22.86,147.45,23.39,33.18,140.49,23.85,46.07,138.82,30.28,0
221942390000000,1590,RECORD,P01,S01,mvc,0,1023,1004,934,949,,0,0,221942390000000,33.2,25.88,28.93,36.95,162.31,10.24,22.86,147.45,23.39,33.18,140.49,23.85,46.07,138.82,30.28,0
221942406000000,1591,RECORD,P01,S01,mvc,0,1023,1003,932,949,,0,0,221942406000000,33.2,25.88,28.93,36.95,162.31,10.24,22.86,147.45,23.39,33.18,140.49,23.85,46.07,138.82,30.28,0
221942421000000,1592,RECORD,P01,S01,mvc,0,1023,1002,930,948,,0,0,221942421000000,32.56,26.44,32.55,38.11,161.74,9.52,23.6,148.62,21.75,33.35,141.78,22.46,46.1,140.06,29.2,0
221942421000000,1593,RECORD,P01,S01,mvc,0,1023,1003,932,949,,0,0,221942421000000,32.56,26.44,32.55,38.11,161.74,9.52,23.6,148.62,21.75,33.35,141.78,22.46,46.1,140.06,29.2,0
221942437000000,1594,RECORD,P01,S01,mvc,0,1023,1003,931,948,,0,0,221942437000000,32.56,26.44,32.55,38.11,161.74,9.52,23.6,148.62,21.75,33.35,141.78,22.46,46.1,140.06,29.2,0
221942437000000,1595,RECORD,P01,S01,mvc,0,1023,1003,931,948,,0,0,221942437000000,32.56,26.44,32.55,38.11,161.74,9.52,23.6,148.62,21.75,33.35,141.78,22.46,46.1,140.06,29.2,0
221942453000000,1596,RECORD,P01,S01,mvc,0,1023,1004,932,950,,0,0,221942453000000,32.56,26.44,32.55,38.11,161.74,9.52,23.6,148.62,21.75,33.35,141.78,22.46,46.1,140.06,29.2,0
221942468000000,1597,RECORD,P01,S01,mvc,0,1023,1004,933,949,,0,0,221942468000000,32.29,26.23,32.42,36.98,162.11,10.4,23.06,147.84,23.2,33.56,140.68,23.62,46.19,139.0,30.12,0
221942468000000,1598,RECORD,P01,S01,mvc,0,1023,1005,934,950,,0,0,221942468000000,32.29,26.23,32.42,36.98,162.11,10.4,23.06,147.84,23.2,33.56,140.68,23.62,46.19,139.0,30.12,0
221942484000000,1599,RECORD,P01,S01,mvc,0,1023,1005,933,949,,0,0,221942484000000,32.29,26.23,32.42,36.98,162.11,10.4,23.06,147.84,23.2,33.56,140.68,23.62,46.19,139.0,30.12,0
221942500000000,1600,RECORD,P01,S01,mvc,0,1023,1005,934,949,,0,0,221942500000000,32.29,26.23,32.42,36.98,162.11,10.4,23.06,147.84,23.2,33.56,140.68,23.62,46.19,139.0,30.12,0
221942500000000,1601,RECORD,P01,S01,mvc,0,1023,1006,934,950,,0,0,221942500000000,32.29,26.23,32.42,36.98,162.11,10.4,23.06,147.84,23.2,33.56,140.68,23.62,46.19,139.0,30.12,0
221942515000000,1602,RECORD,P01,S01,mvc,0,1023,1008,938,950,,0,0,221942515000000,32.5,26.63,32.23,35.84,163.69,10.58,21.65,148.95,23.34,33.23,141.74,23.21,45.9,140.78,29.71,0
221942531000000,1603,RECORD,P01,S01,mvc,0,1023,1007,938,951,,0,0,221942531000000,32.5,26.63,32.23,35.84,163.69,10.58,21.65,148.95,23.34,33.23,141.74,23.21,45.9,140.78,29.71,0
221942531000000,1604,RECORD,P01,S01,mvc,0,1023,1007,936,950,,0,0,221942531000000,32.5,26.63,32.23,35.84,163.69,10.58,21.65,148.95,23.34,33.23,141.74,23.21,45.9,140.78,29.71,0
221942546000000,1605,RECORD,P01,S01,mvc,0,1023,1006,938,952,,0,0,221942546000000,32.5,26.63,32.23,35.84,163.69,10.58,21.65,148.95,23.34,33.23,141.74,23.21,45.9,140.78,29.71,0
221942546000000,1606,RECORD,P01,S01,mvc,0,1023,1006,941,952,,0,0,221942546000000,32.5,26.63,32.23,35.84,163.69,10.58,21.65,148.95,23.34,33.23,141.74,23.21,45.9,140.78,29.71,0
221942562000000,1607,RECORD,P01,S01,mvc,0,1023,1007,938,953,,0,0,221942562000000,32.05,26.23,29.74,36.42,166.34,8.65,21.03,150.34,21.87,31.78,142.3,22.58,45.57,139.59,29.62,0
221942578000000,1608,RECORD,P01,S01,mvc,0,1023,1007,938,953,,0,0,221942578000000,32.05,26.23,29.74,36.42,166.34,8.65,21.03,150.34,21.87,31.78,142.3,22.58,45.57,139.59,29.62,0
221942578000000,1609,RECORD,P01,S01,mvc,0,1023,1008,935,950,,0,0,221942578000000,32.05,26.23,29.74,36.42,166.34,8.65,21.03,150.34,21.87,31.78,142.3,22.58,45.57,139.59,29.62,0
221942593000000,1610,RECORD,P01,S01,mvc,0,1023,1009,938,952,,0,0,221942593000000,32.05,26.23,29.74,36.42,166.34,8.65,21.03,150.34,21.87,31.78,142.3,22.58,45.57,139.59,29.62,0
221942609000000,1611,RECORD,P01,S01,mvc,0,1023,1009,939,953,,0,0,221942609000000,32.41,26.35,34.7,34.26,164.62,10.8,21.7,149.72,22.36,34.16,141.84,22.71,46.34,140.98,29.27,0
221942609000000,1612,RECORD,P01,S01,mvc,0,1023,1007,938,954,,0,0,221942609000000,32.41,26.35,34.7,34.26,164.62,10.8,21.7,149.72,22.36,34.16,141.84,22.71,46.34,140.98,29.27,0
221942625000000,1613,RECORD,P01,S01,mvc,0,1023,1008,938,953,,0,0,221942625000000,32.41,26.35,34.7,34.26,164.62,10.8,21.7,149.72,22.36,34.16,141.84,22.71,46.34,140.98,29.27,0
221942640000000,1614,RECORD,P01,S01,mvc,0,1023,1007,937,953,,0,0,221942640000000,32.41,26.35,34.7,34.26,164.62,10.8,21.7,149.72,22.36,34.16,141.84,22.71,46.34,140.98,29.27,0
221942640000000,1615,RECORD,P01,S01,mvc,0,1023,1007,937,953,,0,0,221942640000000,32.41,26.35,34.7,34.26,164.62,10.8,21.7,149.72,22.36,34.16,141.84,22.71,46.34,140.98,29.27,0
221942656000000,1616,RECORD,P01,S01,mvc,0,1023,1005,931,949,,1,0,221942656000000,32.15,26.77,30.32,37.43,165.74,9.89,21.0,150.17,22.29,31.73,142.5,22.41,45.05,140.97,28.73,0
221942656000000,1617,RECORD,P01,S01,mvc,0,1023,1004,929,947,,1,0,221942656000000,32.15,26.77,30.32,37.43,165.74,9.89,21.0,150.17,22.29,31.73,142.5,22.41,45.05,140.97,28.73,0
221942671000000,1618,RECORD,P01,S01,mvc,0,1023,1004,929,949,,1,0,221942671000000,32.15,26.77,30.32,37.43,165.74,9.89,21.0,150.17,22.29,31.73,142.5,22.41,45.05,140.97,28.73,0
221942687000000,1619,RECORD,P01,S01,mvc,0,1023,1005,930,946,,1,0,221942687000000,32.15,26.77,30.32,37.43,165.74,9.89,21.0,150.17,22.29,31.73,142.5,22.41,45.05,140.97,28.73,0
221942687000000,1620,RECORD,P01,S01,mvc,0,1023,1005,929,947,,1,0,221942687000000,32.15,26.77,30.32,37.43,165.74,9.89,21.0,150.17,22.29,31.73,142.5,22.41,45.05,140.97,28.73,0
221942703000000,1621,RECORD,P01,S01,mvc,0,1023,1004,928,947,,1,0,221942703000000,32.15,26.77,30.32,37.43,165.74,9.89,21.0,150.17,22.29,31.73,142.5,22.41,45.05,140.97,28.73,0
221942718000000,1622,RECORD,P01,S01,mvc,0,1023,1004,929,948,,1,0,221942718000000,32.15,26.77,30.32,37.43,165.74,9.89,21.0,150.17,22.29,31.73,142.5,22.41,45.05,140.97,28.73,0
221942718000000,1623,RECORD,P01,S01,mvc,0,1023,1002,927,949,,1,0,221942718000000,32.15,26.77,30.32,37.43,165.74,9.89,21.0,150.17,22.29,31.73,142.5,22.41,45.05,140.97,28.73,0
221942734000000,1624,RECORD,P01,S01,mvc,0,1023,1003,927,949,,1,0,221942734000000,32.15,26.77,30.32,37.43,165.74,9.89,21.0,150.17,22.29,31.73,142.5,22.41,45.05,140.97,28.73,0
221942750000000,1625,RECORD,P01,S01,mvc,0,1023,1004,924,951,,1,0,221942750000000,31.98,26.06,34.39,33.75,165.09,10.54,20.12,149.78,22.89,33.35,141.84,23.28,45.9,139.93,30.43,0
221942750000000,1626,RECORD,P01,S01,mvc,0,1023,1008,923,953,,0,0,221942750000000,31.98,26.06,34.39,33.75,165.09,10.54,20.12,149.78,22.89,33.35,141.84,23.28,45.9,139.93,30.43,0
221942765000000,1627,RECORD,P01,S01,mvc,0,1023,1008,924,951,,0,0,221942765000000,31.98,26.06,34.39,33.75,165.09,10.54,20.12,149.78,22.89,33.35,141.84,23.28,45.9,139.93,30.43,0
221942781000000,1628,RECORD,P01,S01,mvc,0,1023,1010,924,953,,0,0,221942781000000,31.98,26.06,34.39,33.75,165.09,10.54,20.12,149.78,22.89,33.35,141.84,23.28,45.9,139.93,30.43,0
221942781000000,1629,RECORD,P01,S01,mvc,0,1023,1009,924,952,,0,0,221942781000000,31.98,26.06,34.39,33.75,165.09,10.54,20.12,149.78,22.89,33.35,141.84,23.28,45.9,139.93,30.43,0
221942796000000,1630,RECORD,P01,S01,mvc,0,1023,1011,929,951,,0,0,221942796000000,32.19,27.19,29.5,37.53,164.53,10.55,21.83,149.56,23.0,32.64,142.08,23.13,44.91,141.43,28.84,0
221942796000000,1631,RECORD,P01,S01,mvc,0,1023,1010,931,951,,0,0,221942796000000,32.19,27.19,29.5,37.53,164.53,10.55,21.83,149.56,23.0,32.64,142.08,23.13,44.91,141.43,28.84,0
221942812000000,1632,RECORD,P01,S01,mvc,0,1023,1011,931,952,,0,0,221942812000000,32.19,27.19,29.5,37.53,164.53,10.55,21.83,149.56,23.0,32.64,142.08,23.13,44.91,141.43,28.84,0
221942828000000,1633,RECORD,P01,S01,mvc,0,1023,1011,932,953,,0,0,221942828000000,32.19,27.19,29.5,37.53,164.53,10.55,21.83,149.56,23.0,32.64,142.08,23.13,44.91,141.43,28.84,0
221942828000000,1634,RECORD,P01,S01,mvc,0,1023,1009,932,952,,0,0,221942828000000,32.19,27.19,29.5,37.53,164.53,10.55,21.83,149.56,23.0,32.64,142.08,23.13,44.91,141.43,28.84,0
221942843000000,1635,RECORD,P01,S01,mvc,0,1023,1009,931,953,,0,0,221942843000000,32.19,27.19,29.5,37.53,164.53,10.55,21.83,149.56,23.0,32.64,142.08,23.13,44.91,141.43,28.84,0
221942859000000,1636,RECORD,P01,S01,mvc,0,1023,1008,931,949,,1,0,221942859000000,32.19,27.19,29.5,37.53,164.53,10.55,21.83,149.56,23.0,32.64,142.08,23.13,44.91,141.43,28.84,0
221942859000000,1637,RECORD,P01,S01,mvc,0,1023,1007,931,950,,1,0,221942859000000,32.19,27.19,29.5,37.53,164.53,10.55,21.83,149.56,23.0,32.64,142.08,23.13,44.91,141.43,28.84,0
221942875000000,1638,RECORD,P01,S01,mvc,0,1023,1005,930,949,,1,0,221942875000000,32.19,27.19,29.5,37.53,164.53,10.55,21.83,149.56,23.0,32.64,142.08,23.13,44.91,141.43,28.84,0
221942890000000,1639,RECORD,P01,S01,mvc,0,1023,1006,928,949,,1,0,221942890000000,32.88,26.41,33.41,37.76,163.03,9.77,22.44,147.58,23.28,33.23,140.73,23.77,45.72,139.37,30.47,0
221942890000000,1640,RECORD,P01,S01,mvc,0,1023,1007,930,948,,1,0,221942890000000,32.88,26.41,33.41,37.76,163.03,9.77,22.44,147.58,23.28,33.23,140.73,23.77,45.72,139.37,30.47,0
221942906000000,1641,RECORD,P01,S01,mvc,0,1023,1008,930,949,,1,0,221942906000000,32.88,26.41,33.41,37.76,163.03,9.77,22.44,147.58,23.28,33.23,140.73,23.77,45.72,139.37,30.47,0
221942906000000,1642,RECORD,P01,S01,mvc,0,1023,1006,929,948,,1,0,221942906000000,32.88,26.41,33.41,37.76,163.03,9.77,22.44,147.58,23.28,33.23,140.73,23.77,45.72,139.37,30.47,0
221942921000000,1643,RECORD,P01,S01,mvc,0,1023,1007,928,948,,1,0,221942921000000,32.88,26.41,33.41,37.76,163.03,9.77,22.44,147.58,23.28,33.23,140.73,23.77,45.72,139.37,30.47,0
221942937000000,1644,RECORD,P01,S01,mvc,0,1023,1008,929,949,,1,0,221942937000000,33.6,26.57,31.01,33.96,165.14,10.67,20.95,149.39,22.77,34.01,142.27,22.94,46.06,140.86,29.72,0
221942937000000,1645,RECORD,P01,S01,mvc,0,1023,1007,927,949,,1,0,221942937000000,33.6,26.57,31.01,33.96,165.14,10.67,20.95,149.39,22.77,34.01,142.27,22.94,46.06,140.86,29.72,0
221942953000000,1646,RECORD,P01,S01,mvc,0,1023,1009,930,949,,1,0,221942953000000,33.6,26.57,31.01,33.96,165.14,10.67,20.95,149.39,22.77,34.01,142.27,22.94,46.06,140.86,29.72,0
221942968000000,1647,RECORD,P01,S01,mvc,0,1023,1007,930,949,,1,0,221942968000000,33.6,26.57,31.01,33.96,165.14,10.67,20.95,149.39,22.77,34.01,142.27,22.94,46.06,140.86,29.72,0
221942968000000,1648,RECORD,P01,S01,mvc,0,1023,1010,929,948,,1,0,221942968000000,33.6,26.57,31.01,33.96,165.14,10.67,20.95,149.39,22.77,34.01,142.27,22.94,46.06,140.86,29.72,0
221942984000000,1649,RECORD,P01,S01,mvc,0,1023,1008,929,946,,1,0,221942984000000,31.83,27.59,30.76,37.47,163.26,10.83,21.94,147.98,24.0,33.39,141.01,23.82,45.68,140.17,29.65,0
221943000000000,1650,RECORD,P01,S01,mvc,0,1023,1007,928,947,,1,0,221943000000000,31.83,27.59,30.76,37.47,163.26,10.83,21.94,147.98,24.0,33.39,141.01,23.82,45.68,140.17,29.65,0
221943000000000,1651,RECORD,P01,S01,mvc,0,1023,1008,928,946,,1,0,221943000000000,31.83,27.59,30.76,37.47,163.26,10.83,21.94,147.98,24.0,33.39,141.01,23.82,45.68,140.17,29.65,0
221943015000000,1652,RECORD,P01,S01,mvc,0,1023,1005,928,947,,1,0,221943015000000,31.83,27.59,30.76,37.47,163.26,10.83,21.94,147.98,24.0,33.39,141.01,23.82,45.68,140.17,29.65,0
221943031000000,1653,RECORD,P01,S01,mvc,0,1023,1008,927,947,,1,0,221943031000000,34.18,27.07,32.54,34.62,161.55,13.99,22.7,146.31,26.04,34.77,139.68,25.04,46.06,139.68,30.64,0
221943031000000,1654,RECORD,P01,S01,mvc,0,1023,1008,928,947,,1,0,221943031000000,34.18,27.07,32.54,34.62,161.55,13.99,22.7,146.31,26.04,34.77,139.68,25.04,46.06,139.68,30.64,0
221943046000000,1655,RECORD,P01,S01,mvc,0,1023,1008,929,947,,1,0,221943046000000,34.18,27.07,32.54,34.62,161.55,13.99,22.7,146.31,26.04,34.77,139.68,25.04,46.06,139.68,30.64,0
221943046000000,1656,RECORD,P01,S01,mvc,0,1023,1008,930,947,,1,0,221943046000000,34.18,27.07,32.54,34.62,161.55,13.99,22.7,146.31,26.04,34.77,139.68,25.04,46.06,139.68,30.64,0
221943062000000,1657,RECORD,P01,S01,mvc,0,1023,1009,929,946,,1,0,221943062000000,34.18,27.07,32.54,34.62,161.55,13.99,22.7,146.31,26.04,34.77,139.68,25.04,46.06,139.68,30.64,0
221943078000000,1658,RECORD,P01,S01,mvc,0,1023,1008,929,947,,1,0,221943078000000,34.18,27.07,32.54,34.62,161.55,13.99,22.7,146.31,26.04,34.77,139.68,25.04,46.06,139.68,30.64,0
221943078000000,1659,RECORD,P01,S01,mvc,0,1023,1007,928,947,,1,0,221943078000000,34.18,27.07,32.54,34.62,161.55,13.99,22.7,146.31,26.04,34.77,139.68,25.04,46.06,139.68,30.64,0
221943093000000,1660,RECORD,P01,S01,mvc,0,1023,1008,928,946,,1,0,221943093000000,34.18,27.07,32.54,34.62,161.55,13.99,22.7,146.31,26.04,34.77,139.68,25.04,46.06,139.68,30.64,0
221943109000000,1661,RECORD,P01,S01,mvc,0,1023,1009,928,947,,1,0,221943109000000,34.18,27.07,32.54,34.62,161.55,13.99,22.7,146.31,26.04,34.77,139.68,25.04,46.06,139.68,30.64,0
221943109000000,1662,RECORD,P01,S01,mvc,0,1023,1007,930,948,,1,0,221943109000000,34.18,27.07,32.54,34.62,161.55,13.99,22.7,146.31,26.04,34.77,139.68,25.04,46.06,139.68,30.64,0
221943125000000,1663,RECORD,P01,S01,mvc,0,1023,1009,929,946,,1,0,221943125000000,32.95,27.27,29.48,36.08,163.97,12.7,20.59,149.42,24.25,32.3,142.23,23.72,45.07,140.4,30.28,0
221943140000000,1664,RECORD,P01,S01,mvc,0,1023,1009,929,946,,1,0,221943140000000,32.95,27.27,29.48,36.08,163.97,12.7,20.59,149.42,24.25,32.3,142.23,23.72,45.07,140.4,30.28,0
221943140000000,1665,RECORD,P01,S01,mvc,0,1023,1010,930,947,,1,0,221943140000000,32.95,27.27,29.48,36.08,163.97,12.7,20.59,149.42,24.25,32.3,142.23,23.72,45.07,140.4,30.28,0
221943156000000,1666,RECORD,P01,S01,mvc,0,1023,1010,932,948,,1,0,221943156000000,32.95,27.27,29.48,36.08,163.97,12.7,20.59,149.42,24.25,32.3,142.23,23.72,45.07,140.4,30.28,0
221943171000000,1667,RECORD,P01,S01,mvc,0,1023,1010,931,947,,1,0,221943171000000,32.95,27.27,29.48,36.08,163.97,12.7,20.59,149.42,24.25,32.3,142.23,23.72,45.07,140.4,30.28,0
221943171000000,1668,RECORD,P01,S01,mvc,0,1023,1010,936,948,,1,0,221943171000000,32.95,27.27,29.48,36.08,163.97,12.7,20.59,149.42,24.25,32.3,142.23,23.72,45.07,140.4,30.28,0
221943187000000,1669,RECORD,P01,S01,mvc,0,1023,1009,935,947,,1,0,221943187000000,32.95,27.27,29.48,36.08,163.97,12.7,20.59,149.42,24.25,32.3,142.23,23.72,45.07,140.4,30.28,0
221943187000000,1670,RECORD,P01,S01,mvc,0,1023,1010,936,948,,1,0,221943187000000,32.95,27.27,29.48,36.08,163.97,12.7,20.59,149.42,24.25,32.3,142.23,23.72,45.07,140.4,30.28,0
221943203000000,1671,RECORD,P01,S01,mvc,0,1023,1010,936,949,,1,0,221943203000000,32.95,27.27,29.48,36.08,163.97,12.7,20.59,149.42,24.25,32.3,142.23,23.72,45.07,140.4,30.28,0
221943218000000,1672,RECORD,P01,S01,mvc,0,1023,1011,936,950,,1,0,221943218000000,33.72,26.82,34.23,35.44,162.31,12.73,22.38,147.14,24.63,34.79,140.37,24.43,46.87,139.73,30.82,0
221943218000000,1673,RECORD,P01,S01,mvc,0,1023,1011,937,951,,1,0,221943218000000,33.72,26.82,34.23,35.44,162.31,12.73,22.38,147.14,24.63,34.79,140.37,24.43,46.87,139.73,30.82,0
221943234000000,1674,RECORD,P01,S01,mvc,0,1023,1010,936,950,,1,0,221943234000000,33.72,26.82,34.23,35.44,162.31,12.73,22.38,147.14,24.63,34.79,140.37,24.43,46.87,139.73,30.82,0
221943250000000,1675,RECORD,P01,S01,mvc,0,1023,1012,937,951,,1,0,221943250000000,33.72,26.82,34.23,35.44,162.31,12.73,22.38,147.14,24.63,34.79,140.37,24.43,46.87,139.73,30.82,0
221943250000000,1676,RECORD,P01,S01,mvc,0,1023,1014,940,954,,0,0,221943250000000,33.72,26.82,34.23,35.44,162.31,12.73,22.38,147.14,24.63,34.79,140.37,24.43,46.87,139.73,30.82,0
221943265000000,1677,RECORD,P01,S01,mvc,0,1023,1014,939,955,,0,0,221943265000000,33.79,26.05,28.66,36.41,164.63,10.59,21.96,148.45,23.4,33.08,141.14,23.76,45.61,139.44,30.28,0
221943281000000,1678,RECORD,P01,S01,mvc,0,1023,1016,940,953,,0,0,221943281000000,33.79,26.05,28.66,36.41,164.63,10.59,21.96,148.45,23.4,33.08,141.14,23.76,45.61,139.44,30.28,0
221943281000000,1679,RECORD,P01,S01,mvc,0,1023,1016,941,953,,0,0,221943281000000,33.79,26.05,28.66,36.41,164.63,10.59,21.96,148.45,23.4,33.08,141.14,23.76,45.61,139.44,30.28,0
221943296000000,1680,RECORD,P01,S01,mvc,0,1023,1017,941,954,,0,0,221943296000000,33.79,26.05,28.66,36.41,164.63,10.59,21.96,148.45,23.4,33.08,141.14,23.76,45.61,139.44,30.28,0
221943296000000,1681,RECORD,P01,S01,mvc,0,1023,1017,942,955,,0,0,221943296000000,33.79,26.05,28.66,36.41,164.63,10.59,21.96,148.45,23.4,33.08,141.14,23.76,45.61,139.44,30.28,0
221943312000000,1682,RECORD,P01,S01,mvc,0,1023,1018,944,955,,0,0,221943312000000,33.86,26.25,32.66,34.58,163.12,11.6,22.04,148.39,23.63,35.2,141.6,23.19,47.14,140.89,29.89,0
221943328000000,1683,RECORD,P01,S01,mvc,0,1023,1017,942,955,,0,0,221943328000000,33.86,26.25,32.66,34.58,163.12,11.6,22.04,148.39,23.63,35.2,141.6,23.19,47.14,140.89,29.89,0
221943328000000,1684,RECORD,P01,S01,mvc,0,1023,1019,942,956,,0,0,221943328000000,33.86,26.25,32.66,34.58,163.12,11.6,22.04,148.39,23.63,35.2,141.6,23.19,47.14,140.89,29.89,0
221943343000000,1685,RECORD,P01,S01,mvc,0,1023,1018,942,956,,0,0,221943343000000,33.86,26.25,32.66,34.58,163.12,11.6,22.04,148.39,23.63,35.2,141.6,23.19,47.14,140.89,29.89,0
221943359000000,1686,RECORD,P01,S01,mvc,0,1023,1017,943,956,,0,0,221943359000000,33.86,26.25,32.66,34.58,163.12,11.6,22.04,148.39,23.63,35.2,141.6,23.19,47.14,140.89,29.89,0
221943359000000,1687,RECORD,P01,S01,mvc,0,1023,1019,942,954,,0,0,221943359000000,33.86,26.25,32.66,34.58,163.12,11.6,22.04,148.39,23.63,35.2,141.6,23.19,47.14,140.89,29.89,0
221943375000000,1688,RECORD,P01,S01,mvc,0,1023,1018,943,957,,0,0,221943375000000,33.86,26.25,32.66,34.58,163.12,11.6,22.04,148.39,23.63,35.2,141.6,23.19,47.14,140.89,29.89,0
221943390000000,1689,RECORD,P01,S01,mvc,0,1023,1017,943,957,,0,0,221943390000000,33.86,26.25,32.66,34.58,163.12,11.6,22.04,148.39,23.63,35.2,141.6,23.19,47.14,140.89,29.89,0
221943390000000,1690,RECORD,P01,S01,mvc,0,1023,1018,945,957,,0,0,221943390000000,33.86,26.25,32.66,34.58,163.12,11.6,22.04,148.39,23.63,35.2,141.6,23.19,47.14,140.89,29.89,0
221943406000000,1691,RECORD,P01,S01,mvc,0,1023,1017,943,956,,0,0,221943406000000,33.99,25.83,25.81,36.17,162.7,12.13,21.57,149.1,23.48,33.75,142.2,23.0,46.02,140.91,29.15,0
221943421000000,1692,RECORD,P01,S01,mvc,0,1023,1019,943,956,,0,0,221943421000000,33.99,25.83,25.81,36.17,162.7,12.13,21.57,149.1,23.48,33.75,142.2,23.0,46.02,140.91,29.15,0
221943421000000,1693,RECORD,P01,S01,mvc,0,1023,1017,942,956,,0,0,221943421000000,33.99,25.83,25.81,36.17,162.7,12.13,21.57,149.1,23.48,33.75,142.2,23.0,46.02,140.91,29.15,0
221943437000000,1694,RECORD,P01,S01,mvc,0,1023,1017,942,956,,0,0,221943437000000,33.99,25.83,25.81,36.17,162.7,12.13,21.57,149.1,23.48,33.75,142.2,23.0,46.02,140.91,29.15,0
221943437000000,1695,RECORD,P01,S01,mvc,0,1023,1018,943,956,,0,0,221943437000000,33.99,25.83,25.81,36.17,162.7,12.13,21.57,149.1,23.48,33.75,142.2,23.0,46.02,140.91,29.15,0
221943453000000,1696,RECORD,P01,S01,mvc,0,1023,1015,940,952,,1,0,221943453000000,32.48,26.25,34.37,35.69,160.41,13.96,22.7,146.1,25.81,35.18,139.99,24.64,46.81,140.06,30.47,0
221943468000000,1697,RECORD,P01,S01,mvc,0,1023,1013,940,953,,1,0,221943468000000,32.48,26.25,34.37,35.69,160.41,13.96,22.7,146.1,25.81,35.18,139.99,24.64,46.81,140.06,30.47,0
221943468000000,1698,RECORD,P01,S01,mvc,0,1023,1015,939,954,,1,0,221943468000000,32.48,26.25,34.37,35.69,160.41,13.96,22.7,146.1,25.81,35.18,139.99,24.64,46.81,140.06,30.47,0
221943484000000,1699,RECORD,P01,S01,mvc,0,1023,1012,939,954,,1,0,221943484000000,32.48,26.25,34.37,35.69,160.41,13.96,22.7,146.1,25.81,35.18,139.99,24.64,46.81,140.06,30.47,0
221943500000000,1700,RECORD,P01,S01,mvc,0,1023,1014,939,955,,1,0,221943500000000,33.56,25.79,28.67,36.67,161.35,12.67,23.48,147.2,24.52,35.28,140.41,24.1,46.73,141.02,29.06,0
221943500000000,1701,RECORD,P01,S01,mvc,0,1023,1013,939,954,,1,0,221943500000000,33.56,25.79,28.67,36.67,161.35,12.67,23.48,147.2,24.52,35.28,140.41,24.1,46.73,141.02,29.06,0
221943515000000,1702,RECORD,P01,S01,mvc,0,1023,1013,939,952,,1,0,221943515000000,33.56,25.79,28.67,36.67,161.35,12.67,23.48,147.2,24.52,35.28,140.41,24.1,46.73,141.02,29.06,0
221943531000000,1703,RECORD,P01,S01,mvc,0,1023,1013,940,954,,1,0,221943531000000,33.56,25.79,28.67,36.67,161.35,12.67,23.48,147.2,24.52,35.28,140.41,24.1,46.73,141.02,29.06,0
221943531000000,1704,RECORD,P01,S01,mvc,0,1023,1013,939,954,,1,0,221943531000000,33.56,25.79,28.67,36.67,161.35,12.67,23.48,147.2,24.52,35.28,140.41,24.1,46.73,141.02,29.06,0
221943546000000,1705,RECORD,P01,S01,mvc,0,1023,1013,939,953,,1,0,221943546000000,34.07,25.62,33.46,36.8,159.22,13.92,24.38,145.46,25.41,35.82,139.8,24.52,46.95,140.69,29.36,0
221943546000000,1706,RECORD,P01,S01,mvc,0,1023,1018,942,956,,0,0,221943546000000,34.07,25.62,33.46,36.8,159.22,13.92,24.38,145.46,25.41,35.82,139.8,24.52,46.95,140.69,29.36,0
221943562000000,1707,RECORD,P01,S01,mvc,0,1023,1017,943,958,,0,0,221943562000000,34.07,25.62,33.46,36.8,159.22,13.92,24.38,145.46,25.41,35.82,139.8,24.52,46.95,140.69,29.36,0
221943578000000,1708,RECORD,P01,S01,mvc,0,1023,1019,944,958,,0,0,221943578000000,34.07,25.62,33.46,36.8,159.22,13.92,24.38,145.46,25.41,35.82,139.8,24.52,46.95,140.69,29.36,0
221943578000000,1709,RECORD,P01,S01,mvc,0,1023,1018,944,958,,0,0,221943578000000,34.07,25.62,33.46,36.8,159.22,13.92,24.38,145.46,25.41,35.82,139.8,24.52,46.95,140.69,29.36,0
221943593000000,1710,RECORD,P01,S01,mvc,0,1023,1018,947,958,,0,0,221943593000000,33.93,25.74,31.12,37.15,158.99,14.21,24.92,145.62,25.41,36.38,139.66,24.51,47.15,140.91,29.09,0
221943609000000,1711,RECORD,P01,S01,mvc,0,1023,1017,942,957,,0,0,221943609000000,33.93,25.74,31.12,37.15,158.99,14.21,24.92,145.62,25.41,36.38,139.66,24.51,47.15,140.91,29.09,0
221943609000000,1712,RECORD,P01,S01,mvc,0,1023,1019,944,958,,0,0,221943609000000,33.93,25.74,31.12,37.15,158.99,14.21,24.92,145.62,25.41,36.38,139.66,24.51,47.15,140.91,29.09,0
221943625000000,1713,RECORD,P01,S01,mvc,0,1023,1019,944,959,,0,0,221943625000000,33.93,25.74,31.12,37.15,158.99,14.21,24.92,145.62,25.41,36.38,139.66,24.51,47.15,140.91,29.09,0
221943640000000,1714,RECORD,P01,S01,mvc,0,1023,1019,943,959,,0,0,221943640000000,33.06,25.73,29.92,37.3,161.02,11.6,24.28,147.85,23.05,35.84,141.53,22.49,46.96,142.31,27.51,0
221943640000000,1715,RECORD,P01,S01,mvc,0,1023,1019,945,959,,0,0,221943640000000,33.06,25.73,29.92,37.3,161.02,11.6,24.28,147.85,23.05,35.84,141.53,22.49,46.96,142.31,27.51,0
221943656000000,1716,RECORD,P01,S01,mvc,0,1023,1014,943,956,,1,0,221943656000000,33.06,25.73,29.92,37.3,161.02,11.6,24.28,147.85,23.05,35.84,141.53,22.49,46.96,142.31,27.51,0
221943671000000,1717,RECORD,P01,S01,mvc,0,1023,1014,941,955,,1,0,221943671000000,33.06,25.73,29.92,37.3,161.02,11.6,24.28,147.85,23.05,35.84,141.53,22.49,46.96,142.31,27.51,0
221943671000000,1718,RECORD,P01,S01,mvc,0,1023,1015,942,954,,1,0,221943671000000,33.06,25.73,29.92,37.3,161.02,11.6,24.28,147.85,23.05,35.84,141.53,22.49,46.96,142.31,27.51,0
221943687000000,1719,RECORD,P01,S01,mvc,0,1023,1013,940,952,,1,0,221943687000000,34.06,25.95,31.26,36.24,158.05,14.48,25.12,144.98,25.58,37.12,139.13,24.67,47.66,139.78,29.87,0
221943687000000,1720,RECORD,P01,S01,mvc,0,1023,1014,941,947,,1,0,221943687000000,34.06,25.95,31.26,36.24,158.05,14.48,25.12,144.98,25.58,37.12,139.13,24.67,47.66,139.78,29.87,0
221943703000000,1721,RECORD,P01,S01,mvc,0,1023,1015,941,953,,1,0,221943703000000,34.06,25.95,31.26,36.24,158.05,14.48,25.12,144.98,25.58,37.12,139.13,24.67,47.66,139.78,29.87,0
221943718000000,1722,RECORD,P01,S01,mvc,0,1023,1013,940,954,,1,0,221943718000000,34.06,25.95,31.26,36.24,158.05,14.48,25.12,144.98,25.58,37.12,139.13,24.67,47.66,139.78,29.87,0
221943718000000,1723,RECORD,P01,S01,mvc,0,1023,1015,942,953,,1,0,221943718000000,34.06,25.95,31.26,36.24,158.05,14.48,25.12,144.98,25.58,37.12,139.13,24.67,47.66,139.78,29.87,0
221943734000000,1724,RECORD,P01,S01,mvc,0,1023,1013,942,954,,1,0,221943734000000,34.06,25.95,31.26,36.24,158.05,14.48,25.12,144.98,25.58,37.12,139.13,24.67,47.66,139.78,29.87,0
221943750000000,1725,RECORD,P01,S01,mvc,0,1023,1014,941,953,,1,0,221943750000000,34.06,25.95,31.26,36.24,158.05,14.48,25.12,144.98,25.58,37.12,139.13,24.67,47.66,139.78,29.87,0
221943750000000,1726,RECORD,P01,S01,mvc,0,1023,1019,945,956,,0,0,221943750000000,34.06,25.95,31.26,36.24,158.05,14.48,25.12,144.98,25.58,37.12,139.13,24.67,47.66,139.78,29.87,0
221943765000000,1727,RECORD,P01,S01,mvc,0,1023,1021,945,957,,0,0,221943765000000,34.06,25.95,31.26,36.24,158.05,14.48,25.12,144.98,25.58,37.12,139.13,24.67,47.66,139.78,29.87,0
221943781000000,1728,RECORD,P01,S01,mvc,0,1023,1020,945,957,,0,0,221943781000000,32.33,26.36,29.27,35.69,160.29,13.53,23.92,146.7,24.69,36.4,139.91,23.99,47.39,139.92,29.1,0
221943781000000,1729,RECORD,P01,S01,mvc,0,1023,1019,946,959,,0,0,221943781000000,32.33,26.36,29.27,35.69,160.29,13.53,23.92,146.7,24.69,36.4,139.91,23.99,47.39,139.92,29.1,0
221943796000000,1730,RECORD,P01,S01,mvc,0,1023,1018,945,959,,0,0,221943796000000,32.33,26.36,29.27,35.69,160.29,13.53,23.92,146.7,24.69,36.4,139.91,23.99,47.39,139.92,29.1,0
221943812000000,1731,RECORD,P01,S01,mvc,0,1023,1020,945,958,,0,0,221943812000000,32.33,26.36,29.27,35.69,160.29,13.53,23.92,146.7,24.69,36.4,139.91,23.99,47.39,139.92,29.1,0
221943812000000,1732,RECORD,P01,S01,mvc,0,1023,1020,947,959,,0,0,221943812000000,32.33,26.36,29.27,35.69,160.29,13.53,23.92,146.7,24.69,36.4,139.91,23.99,47.39,139.92,29.1,0
221943828000000,1733,RECORD,P01,S01,mvc,0,1023,1021,945,958,,0,0,221943828000000,34.07,25.51,31.92,35.93,156.47,16.32,24.98,143.37,27.0,37.55,137.72,25.42,48.22,138.78,30.14,0
221943828000000,1734,RECORD,P01,S01,mvc,0,1023,1021,944,959,,0,0,221943828000000,34.07,25.51,31.92,35.93,156.47,16.32,24.98,143.37,27.0,37.55,137.72,25.42,48.22,138.78,30.14,0
221943843000000,1735,RECORD,P01,S01,mvc,0,1023,1020,944,958,,0,0,221943843000000,34.07,25.51,31.92,35.93,156.47,16.32,24.98,143.37,27.0,37.55,137.72,25.42,48.22,138.78,30.14,0
221943859000000,1736,RECORD,P01,S01,mvc,0,1023,1020,946,959,,0,0,221943859000000,34.07,25.51,31.92,35.93,156.47,16.32,24.98,143.37,27.0,37.55,137.72,25.42,48.22,138.78,30.14,0
221943859000000,1737,RECORD,P01,S01,mvc,0,1023,1019,945,959,,0,0,221943859000000,34.07,25.51,31.92,35.93,156.47,16.32,24.98,143.37,27.0,37.55,137.72,25.42,48.22,138.78,30.14,0
221943875000000,1738,RECORD,P01,S01,mvc,0,1023,1019,946,961,,0,0,221943875000000,31.88,26.52,25.96,35.61,159.34,13.52,24.16,145.34,25.11,36.45,138.96,24.23,47.61,139.48,28.45,0
221943890000000,1739,RECORD,P01,S01,mvc,0,1023,1019,945,956,,0,0,221943890000000,31.88,26.52,25.96,35.61,159.34,13.52,24.16,145.34,25.11,36.45,138.96,24.23,47.61,139.48,28.45,0
221943890000000,1740,RECORD,P01,S01,mvc,0,1023,1018,945,958,,0,0,221943890000000,31.88,26.52,25.96,35.61,159.34,13.52,24.16,145.34,25.11,36.45,138.96,24.23,47.61,139.48,28.45,0
221943906000000,1741,RECORD,P01,S01,mvc,0,1023,1018,947,958,,0,0,221943906000000,31.88,26.52,25.96,35.61,159.34,13.52,24.16,145.34,25.11,36.45,138.96,24.23,47.61,139.48,28.45,0
221943921000000,1742,RECORD,P01,S01,mvc,0,1023,1020,944,956,,0,0,221943921000000,33.94,25.18,32.96,37.13,155.75,15.78,26.33,143.29,26.97,38.42,137.55,25.67,48.92,138.05,30.66,0
221943921000000,1743,RECORD,P01,S01,mvc,0,1023,1018,945,958,,0,0,221943921000000,33.94,25.18,32.96,37.13,155.75,15.78,26.33,143.29,26.97,38.42,137.55,25.67,48.92,138.05,30.66,0
221943937000000,1744,RECORD,P01,S01,mvc,0,1023,1016,945,958,,0,0,221943937000000,33.94,25.18,32.96,37.13,155.75,15.78,26.33,143.29,26.97,38.42,137.55,25.67,48.92,138.05,30.66,0
221943937000000,1745,RECORD,P01,S01,mvc,0,1023,1018,946,957,,0,0,221943937000000,33.94,25.18,32.96,37.13,155.75,15.78,26.33,143.29,26.97,38.42,137.55,25.67,48.92,138.05,30.66,0
221943953000000,1746,RECORD,P01,S01,mvc,0,1023,1018,946,957,,0,0,221943953000000,33.94,25.18,32.96,37.13,155.75,15.78,26.33,143.29,26.97,38.42,137.55,25.67,48.92,138.05,30.66,0
221943968000000,1747,RECORD,P01,S01,mvc,0,1023,1018,946,957,,0,0,221943968000000,32.23,26.64,24.33,35.46,160.94,13.19,23.62,145.78,25.06,36.48,139.19,23.96,47.73,139.39,28.48,0
221943968000000,1748,RECORD,P01,S01,mvc,0,1023,1018,946,958,,0,0,221943968000000,32.23,26.64,24.33,35.46,160.94,13.19,23.62,145.78,25.06,36.48,139.19,23.96,47.73,139.39,28.48,0
221943984000000,1749,RECORD,P01,S01,mvc,0,1023,1017,944,957,,0,0,221943984000000,32.23,26.64,24.33,35.46,160.94,13.19,23.62,145.78,25.06,36.48,139.19,23.96,47.73,139.39,28.48,0
221944000000000,1750,RECORD,P01,S01,mvc,0,1023,1020,946,960,,0,0,221944000000000,32.23,26.64,24.33,35.46,160.94,13.19,23.62,145.78,25.06,36.48,139.19,23.96,47.73,139.39,28.48,0
221944000000000,1751,RECORD,P01,S01,mvc,0,1023,1019,945,957,,0,0,221944000000000,32.23,26.64,24.33,35.46,160.94,13.19,23.62,145.78,25.06,36.48,139.19,23.96,47.73,139.39,28.48,0
221944015000000,1752,RECORD,P01,S01,mvc,0,1023,1019,946,957,,0,0,221944015000000,32.23,26.64,24.33,35.46,160.94,13.19,23.62,145.78,25.06,36.48,139.19,23.96,47.73,139.39,28.48,0
221944031000000,1753,RECORD,P01,S01,mvc,0,1023,1018,947,958,,0,0,221944031000000,32.23,26.64,24.33,35.46,160.94,13.19,23.62,145.78,25.06,36.48,139.19,23.96,47.73,139.39,28.48,0
221944031000000,1754,RECORD,P01,S01,mvc,0,1023,1018,946,958,,0,0,221944031000000,32.23,26.64,24.33,35.46,160.94,13.19,23.62,145.78,25.06,36.48,139.19,23.96,47.73,139.39,28.48,0
221944046000000,1755,RECORD,P01,S01,mvc,0,1023,1019,946,958,,0,0,221944046000000,32.23,26.64,24.33,35.46,160.94,13.19,23.62,145.78,25.06,36.48,139.19,23.96,47.73,139.39,28.48,0
221944062000000,1756,RECORD,P01,S01,mvc,0,1023,1015,942,953,,1,0,221944062000000,33.41,25.52,26.31,36.3,160.98,13.03,23.53,146.65,24.54,36.32,139.89,23.51,48.16,139.55,28.98,0
221944062000000,1757,RECORD,P01,S01,mvc,0,1023,1015,942,953,,1,0,221944062000000,33.41,25.52,26.31,36.3,160.98,13.03,23.53,146.65,24.54,36.32,139.89,23.51,48.16,139.55,28.98,0
221944078000000,1758,RECORD,P01,S01,mvc,0,1023,1016,941,952,,1,0,221944078000000,33.41,25.52,26.31,36.3,160.98,13.03,23.53,146.65,24.54,36.32,139.89,23.51,48.16,139.55,28.98,0
221944078000000,1759,RECORD,P01,S01,mvc,0,1023,1015,943,952,,1,0,221944078000000,33.41,25.52,26.31,36.3,160.98,13.03,23.53,146.65,24.54,36.32,139.89,23.51,48.16,139.55,28.98,0
221944093000000,1760,RECORD,P01,S01,mvc,0,1023,1016,941,952,,1,0,221944093000000,33.41,25.52,26.31,36.3,160.98,13.03,23.53,146.65,24.54,36.32,139.89,23.51,48.16,139.55,28.98,0
221944109000000,1761,RECORD,P01,S01,mvc,0,1023,1015,943,953,,1,0,221944109000000,33.58,25.93,25.76,37.08,161.09,12.61,24.09,146.36,24.85,36.44,139.96,23.67,48.13,140.06,28.79,0
221944109000000,1762,RECORD,P01,S01,mvc,0,1023,1014,941,950,,1,0,221944109000000,33.58,25.93,25.76,37.08,161.09,12.61,24.09,146.36,24.85,36.44,139.96,23.67,48.13,140.06,28.79,0
221944125000000,1763,RECORD,P01,S01,mvc,0,1023,1016,943,951,,1,0,221944125000000,33.58,25.93,25.76,37.08,161.09,12.61,24.09,146.36,24.85,36.44,139.96,23.67,48.13,140.06,28.79,0
221944140000000,1764,RECORD,P01,S01,mvc,0,1023,1015,942,952,,1,0,221944140000000,33.58,25.93,25.76,37.08,161.09,12.61,24.09,146.36,24.85,36.44,139.96,23.67,48.13,140.06,28.79,0
221944140000000,1765,RECORD,P01,S01,mvc,0,1023,1016,943,952,,1,0,221944140000000,33.58,25.93,25.76,37.08,161.09,12.61,24.09,146.36,24.85,36.44,139.96,23.67,48.13,140.06,28.79,0
221944156000000,1766,RECORD,P01,S01,mvc,0,1023,1015,942,951,,1,0,221944156000000,33.05,25.91,27.37,36.1,160.72,13.18,23.65,146.43,25.02,36.31,139.76,23.74,48.05,139.64,29.17,0
221944156000000,1767,RECORD,P01,S01,mvc,0,1023,1012,941,952,,1,0,221944156000000,33.05,25.91,27.37,36.1,160.72,13.18,23.65,146.43,25.02,36.31,139.76,23.74,48.05,139.64,29.17,0
221944171000000,1768,RECORD,P01,S01,mvc,0,1023,1016,942,951,,1,0,221944171000000,33.05,25.91,27.37,36.1,160.72,13.18,23.65,146.43,25.02,36.31,139.76,23.74,48.05,139.64,29.17,0
221944187000000,1769,RECORD,P01,S01,mvc,0,1023,1017,943,952,,1,0,221944187000000,33.05,25.91,27.37,36.1,160.72,13.18,23.65,146.43,25.02,36.31,139.76,23.74,48.05,139.64,29.17,0
221944187000000,1770,RECORD,P01,S01,mvc,0,1023,1016,942,951,,1,0,221944187000000,33.05,25.91,27.37,36.1,160.72,13.18,23.65,146.43,25.02,36.31,139.76,23.74,48.05,139.64,29.17,0
221944203000000,1771,RECORD,P01,S01,mvc,0,1023,1016,942,952,,1,0,221944203000000,33.05,25.91,27.37,36.1,160.72,13.18,23.65,146.43,25.02,36.31,139.76,23.74,48.05,139.64,29.17,0
221944218000000,1772,RECORD,P01,S01,mvc,0,1023,1017,943,951,,1,0,221944218000000,33.05,25.91,27.37,36.1,160.72,13.18,23.65,146.43,25.02,36.31,139.76,23.74,48.05,139.64,29.17,0
221944218000000,1773,RECORD,P01,S01,mvc,0,1023,1016,942,951,,1,0,221944218000000,33.05,25.91,27.37,36.1,160.72,13.18,23.65,146.43,25.02,36.31,139.76,23.74,48.05,139.64,29.17,0
221944234000000,1774,RECORD,P01,S01,mvc,0,1023,1015,942,951,,1,0,221944234000000,33.05,25.91,27.37,36.1,160.72,13.18,23.65,146.43,25.02,36.31,139.76,23.74,48.05,139.64,29.17,0
221944250000000,1775,RECORD,P01,S01,mvc,0,1023,1017,943,951,,1,0,221944250000000,34.09,25.64,26.35,36.83,160.0,13.41,24.42,146.09,24.94,36.63,139.46,23.89,48.17,139.67,28.92,0
221944250000000,1776,RECORD,P01,S01,mvc,0,1023,1019,945,953,,0,0,221944250000000,34.09,25.64,26.35,36.83,160.0,13.41,24.42,146.09,24.94,36.63,139.46,23.89,48.17,139.67,28.92,0
221944265000000,1777,RECORD,P01,S01,mvc,0,1023,1020,946,954,,0,0,221944265000000,34.09,25.64,26.35,36.83,160.0,13.41,24.42,146.09,24.94,36.63,139.46,23.89,48.17,139.67,28.92,0
221944281000000,1778,RECORD,P01,S01,mvc,0,1023,1021,946,953,,0,0,221944281000000,34.09,25.64,26.35,36.83,160.0,13.41,24.42,146.09,24.94,36.63,139.46,23.89,48.17,139.67,28.92,0
221944281000000,1779,RECORD,P01,S01,mvc,0,1023,1017,945,953,,0,0,221944281000000,34.09,25.64,26.35,36.83,160.0,13.41,24.42,146.09,24.94,36.63,139.46,23.89,48.17,139.67,28.92,0
221944296000000,1780,RECORD,P01,S01,mvc,0,1023,1019,946,955,,0,0,221944296000000,34.09,25.64,26.35,36.83,160.0,13.41,24.42,146.09,24.94,36.63,139.46,23.89,48.17,139.67,28.92,0
221944296000000,1781,RECORD,P01,S01,mvc,0,1023,1019,946,954,,0,0,221944296000000,34.09,25.64,26.35,36.83,160.0,13.41,24.42,146.09,24.94,36.63,139.46,23.89,48.17,139.67,28.92,0
221944312000000,1782,RECORD,P01,S01,mvc,0,1023,1018,947,956,,0,0,221944312000000,34.09,25.64,26.35,36.83,160.0,13.41,24.42,146.09,24.94,36.63,139.46,23.89,48.17,139.67,28.92,0
221944328000000,1783,RECORD,P01,S01,mvc,0,1023,1018,947,957,,0,0,221944328000000,34.09,25.64,26.35,36.83,160.0,13.41,24.42,146.09,24.94,36.63,139.46,23.89,48.17,139.67,28.92,0
221944328000000,1784,RECORD,P01,S01,mvc,0,1023,1017,947,957,,0,0,221944328000000,34.09,25.64,26.35,36.83,160.0,13.41,24.42,146.09,24.94,36.63,139.46,23.89,48.17,139.67,28.92,0
221944343000000,1785,RECORD,P01,S01,mvc,0,1023,1019,947,957,,0,0,221944343000000,33.34,25.81,25.79,36.01,161.22,12.62,23.81,146.96,24.21,36.08,140.28,23.33,47.69,140.62,28.2,0
221944359000000,1786,RECORD,P01,S01,mvc,0,1023,1018,947,956,,0,0,221944359000000,33.34,25.81,25.79,36.01,161.22,12.62,23.81,146.96,24.21,36.08,140.28,23.33,47.69,140.62,28.2,0
221944359000000,1787,RECORD,P01,S01,mvc,0,1023,1019,946,956,,0,0,221944359000000,33.34,25.81,25.79,36.01,161.22,12.62,23.81,146.96,24.21,36.08,140.28,23.33,47.69,140.62,28.2,0
221944375000000,1788,RECORD,P01,S01,mvc,0,1023,1020,948,956,,0,0,221944375000000,33.34,25.81,25.79,36.01,161.22,12.62,23.81,146.96,24.21,36.08,140.28,23.33,47.69,140.62,28.2,0
221944390000000,1789,RECORD,P01,S01,mvc,0,1023,1019,947,955,,0,0,221944390000000,33.77,25.44,25.6,36.13,161.25,12.43,23.78,147.4,23.99,36.35,140.34,23.4,47.81,139.97,29.01,0
221944390000000,1790,RECORD,P01,S01,mvc,0,1023,1016,944,954,,0,0,221944390000000,33.77,25.44,25.6,36.13,161.25,12.43,23.78,147.4,23.99,36.35,140.34,23.4,47.81,139.97,29.01,0
221944406000000,1791,RECORD,P01,S01,mvc,0,1023,1020,946,955,,0,0,221944406000000,33.77,25.44,25.6,36.13,161.25,12.43,23.78,147.4,23.99,36.35,140.34,23.4,47.81,139.97,29.01,0
221944421000000,1792,RECORD,P01,S01,mvc,0,1023,1018,945,955,,0,0,221944421000000,33.77,25.44,25.6,36.13,161.25,12.43,23.78,147.4,23.99,36.35,140.34,23.4,47.81,139.97,29.01,0
221944421000000,1793,RECORD,P01,S01,mvc,0,1023,1018,945,954,,0,0,221944421000000,33.77,25.44,25.6,36.13,161.25,12.43,23.78,147.4,23.99,36.35,140.34,23.4,47.81,139.97,29.01,0
221944437000000,1794,RECORD,P01,S01,mvc,0,1023,1020,945,954,,0,0,221944437000000,33.86,25.78,31.34,37.31,156.67,15.61,25.06,143.39,26.78,37.21,137.67,25.21,48.76,137.56,30.33,0
221944437000000,1795,RECORD,P01,S01,mvc,0,1023,1019,946,956,,0,0,221944437000000,33.86,25.78,31.34,37.31,156.67,15.61,25.06,143.39,26.78,37.21,137.67,25.21,48.76,137.56,30.33,0
221944453000000,1796,RECORD,P01,S01,mvc,0,1023,1018,947,955,,0,0,221944453000000,33.86,25.78,31.34,37.31,156.67,15.61,25.06,143.39,26.78,37.21,137.67,25.21,48.76,137.56,30.33,0
